,product name,image url,product category,price
0,Red Hit-ex Cool JA Shirt RCG-02,https://d224nth7ac0evy.cloudfront.net/catalog/product/cache/ed9f5ebe2a117625f6cd6336daddd764/r/c/rcg-02_2_.jpg,MEN-FABRIC-RS-19-194027,"PKR 1,024"
1,Multi Casual Shirt CM-YD-2452  CS,https://d224nth7ac0evy.cloudfront.net/catalog/product/cache/ed9f5ebe2a117625f6cd6336daddd764/c/m/cm-yd-2452-cs-_3_.jpg,M-AP-18-178372 -P,"PKR 1,617"
2,Multi Check Casual Shirt CM-YD-2468  CS,https://d224nth7ac0evy.cloudfront.net/catalog/product/cache/ed9f5ebe2a117625f6cd6336daddd764/c/m/cm-yd-2468_cs_back.jpg,M-AP-18-178767 -P,"PKR 1,497"
3,Light Beige MEGA SUPER O/S,https://d224nth7ac0evy.cloudfront.net/catalog/product/cache/ed9f5ebe2a117625f6cd6336daddd764/1/0/100817.jpg,Men-Fabric-100817,"PKR 1,355"
4,Dark Cream KARANDI (SILK)-MMU,https://d224nth7ac0evy.cloudfront.net/catalog/product/cache/ed9f5ebe2a117625f6cd6336daddd764/1/7/176396.jpg,Men-Fabric-176396,"PKR 2,744"
5,Black Opus (Mocado)-GS,https://d224nth7ac0evy.cloudfront.net/catalog/product/cache/ed9f5ebe2a117625f6cd6336daddd764/1/7/173968.jpg,Men-Fabric-173968,"PKR 1,827"
6,Skin VISION (ARZOO)-G,https://d224nth7ac0evy.cloudfront.net/catalog/product/cache/ed9f5ebe2a117625f6cd6336daddd764/5/n/5n1a7656.jpg,Men-Fabric-199928,"PKR 1,607"
7,Mehndi Exclusive Wovn(FD#08,https://d224nth7ac0evy.cloudfront.net/catalog/product/cache/ed9f5ebe2a117625f6cd6336daddd764/d/s/dsc_0674.jpg,Men-Fabric-191852,"PKR 2,489"
8,Multi Causal Shirt Stripe CM-YD-2682,https://d224nth7ac0evy.cloudfront.net/catalog/product/cache/ed9f5ebe2a117625f6cd6336daddd764/c/m/cm-yd-2682_4_.jpg,M-AP-19-192795 -P,"PKR 1,617"
9,Denim Blue Causal Shirt Stripe CM-YD-2680,https://d224nth7ac0evy.cloudfront.net/catalog/product/cache/ed9f5ebe2a117625f6cd6336daddd764/c/m/cm-yd-2680_4_.jpg,M-AP-19-192785 -P,"PKR 1,617"
10,Black & White Casual Shirt Checked CM-YD-2664,https://d224nth7ac0evy.cloudfront.net/catalog/product/cache/ed9f5ebe2a117625f6cd6336daddd764/c/m/cm-yd-2664_4_.jpg,M-AP-19-191656 -P,"PKR 1,797"
11,Multi Red Casual Shirt Checked CM-YD-2663,https://d224nth7ac0evy.cloudfront.net/catalog/product/cache/ed9f5ebe2a117625f6cd6336daddd764/c/m/cm-yd-2663_3_.jpg,M-AP-19-191651 -P,"PKR 1,797"
12,Indigo Causal Shirt Satin CM-YD-2659,https://d224nth7ac0evy.cloudfront.net/catalog/product/cache/ed9f5ebe2a117625f6cd6336daddd764/c/m/cm-yd-2659_3_.jpg,M-AP-19-191631 -P,"PKR 1,797"
13,Blue & White Casual Shirt Checked CM-YD-2651,https://d224nth7ac0evy.cloudfront.net/catalog/product/cache/ed9f5ebe2a117625f6cd6336daddd764/c/m/cm-yd-2651_3_.jpg,M-AP-19-191591 -P,"PKR 1,797"
14,Navy Grey Checked Causal Shirt Yarn Dyed CM-YD-2638 CS,https://d224nth7ac0evy.cloudfront.net/catalog/product/cache/ed9f5ebe2a117625f6cd6336daddd764/c/m/cm-yd-2638_cs_3__1.jpg,M-AP-19-190333 -P,"PKR 1,497"
15,Off White Basic Henley Tee HS-HEN-SIG-D05-01,https://d224nth7ac0evy.cloudfront.net/catalog/product/cache/ed9f5ebe2a117625f6cd6336daddd764/h/s/hs-hen-sig-d05-01_1_.jpg,M-AP-19-189621 -P,PKR 717
16,White Fashion Tee JGP-URB-D172,https://d224nth7ac0evy.cloudfront.net/catalog/product/cache/ed9f5ebe2a117625f6cd6336daddd764/j/g/jgp-urb-d172_4_.jpg,M-AP-19-189597 -P,PKR 597
17,Navy Fashion Tee JGP-URB-D170,https://d224nth7ac0evy.cloudfront.net/catalog/product/cache/ed9f5ebe2a117625f6cd6336daddd764/j/g/jgp-urb-d170_1_.jpg,M-AP-19-189589 -P,PKR 597
18,White Fashion Tee JGP-URB-D169,https://d224nth7ac0evy.cloudfront.net/catalog/product/cache/ed9f5ebe2a117625f6cd6336daddd764/j/g/jgp-urb-d169_1_.jpg,M-AP-19-189585 -P,PKR 597
19,Beige Basic Tee JVN-SIG-D021,https://d224nth7ac0evy.cloudfront.net/catalog/product/cache/ed9f5ebe2a117625f6cd6336daddd764/j/v/jvn-sig-d021_2__1.jpg,M-AP-19-189537 -P,PKR 477
20,Smoke Grey Basic Tee JVN-SIG-D019,https://d224nth7ac0evy.cloudfront.net/catalog/product/cache/ed9f5ebe2a117625f6cd6336daddd764/j/v/jvn-sig-d019_3_.jpg,M-AP-19-189529 -P,PKR 477
21,Dark Green Fashion Polo PKP-URB-D46-04,https://d224nth7ac0evy.cloudfront.net/catalog/product/cache/ed9f5ebe2a117625f6cd6336daddd764/p/k/pkp-urb-d46-04_1_.jpg,M-AP-19-188032 -P,"PKR 1,017"
22,Burgundy Fashion Tee YD-URB-TEE-D04-03,https://d224nth7ac0evy.cloudfront.net/catalog/product/cache/ed9f5ebe2a117625f6cd6336daddd764/y/d/yd-urb-tee-d04-03_4_.jpg,M-AP-19-187980 -P,PKR 717
23,Grey Fashion Tee JGP-URB-D138,https://d224nth7ac0evy.cloudfront.net/catalog/product/cache/ed9f5ebe2a117625f6cd6336daddd764/j/g/jgp-urb-d138_1_.jpg,M-AP-19-187916 -P,PKR 597
24,Mustard Fashion Polo PKP-ST-47,https://d224nth7ac0evy.cloudfront.net/catalog/product/cache/ed9f5ebe2a117625f6cd6336daddd764/p/k/pkp-st-47_1__1.jpg,M-AP-19-187854 -P,PKR 897
25,White Fashion Tee JGP-URB-D133,https://d224nth7ac0evy.cloudfront.net/catalog/product/cache/ed9f5ebe2a117625f6cd6336daddd764/j/g/jgp-urb-d133_4_.jpg,M-AP-19-187806 -P,PKR 597
26,Navy Basic Tee JCN-SIG-D019,https://d224nth7ac0evy.cloudfront.net/catalog/product/cache/ed9f5ebe2a117625f6cd6336daddd764/j/c/jcn-sig-d019_1_.jpg,M-AP-19-187770 -P,PKR 477
27,Dark Grey Causal Shirt Yarn Dyed CM-YD-2482  CS,https://d224nth7ac0evy.cloudfront.net/catalog/product/cache/ed9f5ebe2a117625f6cd6336daddd764/c/m/cm-yd-2482_cs_4_.jpg,M-AP-19-184287 -P,"PKR 1,497"
28,Purple GUL KORUS,https://d224nth7ac0evy.cloudfront.net/catalog/product/cache/ed9f5ebe2a117625f6cd6336daddd764/1/0/101473.jpg,Men-Fabric-101473,"PKR 1,859"
29,GUL KORUS,https://d224nth7ac0evy.cloudfront.net/catalog/product/cache/ed9f5ebe2a117625f6cd6336daddd764/1/0/101468.jpg,Men-Fabric-101468,"PKR 1,859"
30,Light Brown COTTON CLUB (GIZA)-G,https://d224nth7ac0evy.cloudfront.net/catalog/product/cache/ed9f5ebe2a117625f6cd6336daddd764/1/8/186308.jpg,Men-Fabric-186308,"PKR 3,276"
31,Green Hi Tex,https://d224nth7ac0evy.cloudfront.net/catalog/product/cache/ed9f5ebe2a117625f6cd6336daddd764/1/8/185404.jpg,Men-Fabric-185404,"PKR 3,056"
32,Grey GUL CARTIER O/S-G,https://d224nth7ac0evy.cloudfront.net/catalog/product/cache/ed9f5ebe2a117625f6cd6336daddd764/9/6/96824.jpg,Men-Fabric-96824,"PKR 1,607"
33,Sky Satin Casual Shirt CM-YD-2660,https://d224nth7ac0evy.cloudfront.net/catalog/product/cache/ed9f5ebe2a117625f6cd6336daddd764/c/m/cm-yd-2660_3__2.jpg,M-AP-19-191636 -P,"PKR 1,797"
34,White Basic Henley Tee HS-HEN-SIG-D05-02,https://d224nth7ac0evy.cloudfront.net/catalog/product/cache/ed9f5ebe2a117625f6cd6336daddd764/h/s/hs-hen-sig-d05-02_3_.jpg,M-AP-19-189625 -P,PKR 717
35,Black Fashion Tee JGP-URB-D167,https://d224nth7ac0evy.cloudfront.net/catalog/product/cache/ed9f5ebe2a117625f6cd6336daddd764/j/g/jgp-urb-d167_2_.jpg,M-AP-19-189577 -P,PKR 597
36,Ash Grey Basic Polo PKP-SB-57,https://d224nth7ac0evy.cloudfront.net/catalog/product/cache/ed9f5ebe2a117625f6cd6336daddd764/p/k/pkp-sb-57_2_.jpg,M-AP-19-189279 -P,PKR 717
37,Ecru Fashion Tee YD-URB-Tee-D05-05,https://d224nth7ac0evy.cloudfront.net/catalog/product/cache/ed9f5ebe2a117625f6cd6336daddd764/y/d/yd-urb-tee-d05-05_2_.jpg,M-AP-19-188056 -P,"PKR 1,017"
38,Dark Green Fashion Tee YD-URB-Tee-D05-04,https://d224nth7ac0evy.cloudfront.net/catalog/product/cache/ed9f5ebe2a117625f6cd6336daddd764/y/d/yd-urb-tee-d05-04_2_.jpg,M-AP-19-188052 -P,"PKR 1,017"
39,Rust Fashion Tee YD-URB-Tee-D05-03,https://d224nth7ac0evy.cloudfront.net/catalog/product/cache/ed9f5ebe2a117625f6cd6336daddd764/y/d/yd-urb-tee-d05-03_4_.jpg,M-AP-19-188048 -P,"PKR 1,017"
40,Brown Fashion Tee YD-URB-Tee-D05-02,https://d224nth7ac0evy.cloudfront.net/catalog/product/cache/ed9f5ebe2a117625f6cd6336daddd764/y/d/yd-urb-tee-d05-02_4_.jpg,M-AP-19-188044 -P,"PKR 1,017"
41,Blue Fashion Tee YD-URB-Tee-D05-01,https://d224nth7ac0evy.cloudfront.net/catalog/product/cache/ed9f5ebe2a117625f6cd6336daddd764/y/d/yd-urb-tee-d05-01_4_.jpg,M-AP-19-188040 -P,"PKR 1,017"
42,Ecru Fashion Polo PKP-URB-D46-05,https://d224nth7ac0evy.cloudfront.net/catalog/product/cache/ed9f5ebe2a117625f6cd6336daddd764/p/k/pkp-urb-d46-05_5__1.jpg,M-AP-19-188036 -P,"PKR 1,017"
43,Brown Fashion Polo PKP-URB-D46-02,https://d224nth7ac0evy.cloudfront.net/catalog/product/cache/ed9f5ebe2a117625f6cd6336daddd764/p/k/pkp-urb-d46-02_4_.jpg,M-AP-19-188024 -P,"PKR 1,017"
44,Blue Fashion Polo PKP-URB-D46-01,https://d224nth7ac0evy.cloudfront.net/catalog/product/cache/ed9f5ebe2a117625f6cd6336daddd764/p/k/pkp-urb-d46-01_4_.jpg,M-AP-19-188020 -P,"PKR 1,017"
45,Burgundy Fashion Tee JGP-URB-D156,https://d224nth7ac0evy.cloudfront.net/catalog/product/cache/ed9f5ebe2a117625f6cd6336daddd764/j/g/jgp-urb-d156_3_.jpg,M-AP-19-188000 -P,PKR 597
46,Grey Fashion Tee JGP-URB-D153,https://d224nth7ac0evy.cloudfront.net/catalog/product/cache/ed9f5ebe2a117625f6cd6336daddd764/j/g/jgp-urb-d153_1_.jpg,M-AP-19-187988 -P,PKR 597
47,Ocean Fashion Tee YD-URB-Tee-D04-01,https://d224nth7ac0evy.cloudfront.net/catalog/product/cache/ed9f5ebe2a117625f6cd6336daddd764/y/d/yd-urb-tee-d04-01_2_.jpg,M-AP-19-187972 -P,PKR 717
48,Ash Grey Fashion Tee YD-URB-Tee-D03-02,https://d224nth7ac0evy.cloudfront.net/catalog/product/cache/ed9f5ebe2a117625f6cd6336daddd764/y/d/yd-urb-tee-d03-02_2_.jpg,M-AP-19-187968 -P,PKR 717
49,Sapphire Fashion Tee YD-URB-Tee-D03-01,https://d224nth7ac0evy.cloudfront.net/catalog/product/cache/ed9f5ebe2a117625f6cd6336daddd764/y/d/yd-urb-tee-d03-01_4__1.jpg,M-AP-19-187964 -P,PKR 717
50,Off White Fashion Tee YD-URB-Tee-D01-02,https://d224nth7ac0evy.cloudfront.net/catalog/product/cache/ed9f5ebe2a117625f6cd6336daddd764/y/d/yd-urb-tee-d01-02_6__1.jpg,M-AP-19-187952 -P,PKR 717
51,Navy Fashion Tee YD-URB-Tee-D01-01,https://d224nth7ac0evy.cloudfront.net/catalog/product/cache/ed9f5ebe2a117625f6cd6336daddd764/y/d/yd-urb-tee-d01-01_2_.jpg,M-AP-19-187948 -P,PKR 717
52,Green Fashion Polo PKP-YD-D53,https://d224nth7ac0evy.cloudfront.net/catalog/product/cache/ed9f5ebe2a117625f6cd6336daddd764/p/k/pkp-yd-d53_4__1.jpg,M-AP-19-187876 -P,PKR 897
53,Navy & White Fashion Polo PKP-YD-D50,https://d224nth7ac0evy.cloudfront.net/catalog/product/cache/ed9f5ebe2a117625f6cd6336daddd764/p/k/pkp-yd-d50_2_.jpg,M-AP-19-187864 -P,PKR 897
54,Ash Grey Basic Tee JCN-SIG-D020,https://d224nth7ac0evy.cloudfront.net/catalog/product/cache/ed9f5ebe2a117625f6cd6336daddd764/j/c/jcn-sig-d020_2_.jpg,M-AP-19-187774 -P,PKR 477
55,White Basic Tee JCN-SIG-D018,https://d224nth7ac0evy.cloudfront.net/catalog/product/cache/ed9f5ebe2a117625f6cd6336daddd764/j/c/jcn-sig-d018_3__1.jpg,M-AP-19-187766 -P,PKR 477
56,Mint Basic Polo PKP-SB-51,https://d224nth7ac0evy.cloudfront.net/catalog/product/cache/ed9f5ebe2a117625f6cd6336daddd764/p/k/pkp-sb-51_1_.jpg,M-AP-19-187761 -P,PKR 717
57,Lime Basic Polo PKP-SB-50,https://d224nth7ac0evy.cloudfront.net/catalog/product/cache/ed9f5ebe2a117625f6cd6336daddd764/p/k/pkp-sb-50_3_.jpg,M-AP-19-187756 -P,PKR 717
58,Sky Basic Shalwar Kameez SKP-747,https://d224nth7ac0evy.cloudfront.net/catalog/product/cache/ed9f5ebe2a117625f6cd6336daddd764/s/k/skp-747_2_.jpg,M-AP-19-193634 -P,"PKR 2,697"
59,Peach Basic Shalwar Kameez SKP-746,https://d224nth7ac0evy.cloudfront.net/catalog/product/cache/ed9f5ebe2a117625f6cd6336daddd764/s/k/skp-746_2_.jpg,M-AP-19-193629 -P,"PKR 2,697"
60,Dark Grey Basic Shalwar Kameez SKP-745,https://d224nth7ac0evy.cloudfront.net/catalog/product/cache/ed9f5ebe2a117625f6cd6336daddd764/s/k/skp-745_2_.jpg,M-AP-19-193624 -P,"PKR 2,697"
61,White Basic Shalwar Kameez SKP-744,https://d224nth7ac0evy.cloudfront.net/catalog/product/cache/ed9f5ebe2a117625f6cd6336daddd764/s/k/skp-744_2_.jpg,M-AP-19-193619 -P,"PKR 2,697"
62,Beige Basic Shalwar Kameez SKP-743,https://d224nth7ac0evy.cloudfront.net/catalog/product/cache/ed9f5ebe2a117625f6cd6336daddd764/s/k/skp-743_2_.jpg,M-AP-19-193614 -P,"PKR 2,697"
63,Off White Basic Shalwar Kameez SKP-742,https://d224nth7ac0evy.cloudfront.net/catalog/product/cache/ed9f5ebe2a117625f6cd6336daddd764/s/k/skp-742_2_.jpg,M-AP-19-193609 -P,"PKR 2,697"
64,Grey Basic Shalwar Kameez SKP-741,https://d224nth7ac0evy.cloudfront.net/catalog/product/cache/ed9f5ebe2a117625f6cd6336daddd764/s/k/skp-741_2_.jpg,M-AP-19-193604 -P,"PKR 2,697"
65,Off White Basic Shalwar Kameez SKP-738,https://d224nth7ac0evy.cloudfront.net/catalog/product/cache/ed9f5ebe2a117625f6cd6336daddd764/s/k/skp-738_2_.jpg,M-AP-19-193589 -P,"PKR 2,697"
66,Skin Basic Shalwar Kameez SKP-711,https://d224nth7ac0evy.cloudfront.net/catalog/product/cache/ed9f5ebe2a117625f6cd6336daddd764/s/k/skp-711_2_.jpg,M-AP-19-193129 -P,"PKR 2,247"
67,Royal Grey AMBASSADOR-JA,https://d224nth7ac0evy.cloudfront.net/catalog/product/cache/ed9f5ebe2a117625f6cd6336daddd764/d/s/dsc_0425.jpg,Men-Fabric-199473,"PKR 2,610"
68,Grey Exclusive Wovn(FD#10,https://d224nth7ac0evy.cloudfront.net/catalog/product/cache/ed9f5ebe2a117625f6cd6336daddd764/d/s/dsc_0513.jpg,Men-Fabric-191862,"PKR 3,555"
69,Sky Blue Exclusive Wovn(FD#12,https://d224nth7ac0evy.cloudfront.net/catalog/product/cache/ed9f5ebe2a117625f6cd6336daddd764/d/s/dsc_0286.jpg,Men-Fabric-191844,"PKR 3,555"
70,Ink Blue Exclusive Wovn(FD#01,https://d224nth7ac0evy.cloudfront.net/catalog/product/cache/ed9f5ebe2a117625f6cd6336daddd764/d/s/dsc_0688.jpg,Men-Fabric-191834,"PKR 3,555"
71,Cream Bosky(Exclusive)-CH2,https://d224nth7ac0evy.cloudfront.net/catalog/product/cache/ed9f5ebe2a117625f6cd6336daddd764/5/n/5n1a7739.jpg,Men-Fabric-190797,"PKR 9,660"
72,Green Fancy Woven (OGD#08),https://d224nth7ac0evy.cloudfront.net/catalog/product/cache/ed9f5ebe2a117625f6cd6336daddd764/d/s/dsc_1554.jpg,Men-Fabric-190278,"PKR 2,835"
73,Green Fancy Woven (OGD#07),https://d224nth7ac0evy.cloudfront.net/catalog/product/cache/ed9f5ebe2a117625f6cd6336daddd764/d/s/dsc_1724.jpg,Men-Fabric-190262,"PKR 2,835"
74,Mehndi Fancy Woven (OGD#06),https://d224nth7ac0evy.cloudfront.net/catalog/product/cache/ed9f5ebe2a117625f6cd6336daddd764/d/s/dsc_1258.jpg,Men-Fabric-190250,"PKR 2,835"
75,Brown Fancy Woven (OGD#05),https://d224nth7ac0evy.cloudfront.net/catalog/product/cache/ed9f5ebe2a117625f6cd6336daddd764/d/s/dsc_1492.jpg,Men-Fabric-190234,"PKR 2,835"
76,Dark Green Fancy Woven (OGD#03),https://d224nth7ac0evy.cloudfront.net/catalog/product/cache/ed9f5ebe2a117625f6cd6336daddd764/d/s/dsc_1812.jpg,Men-Fabric-190223,"PKR 2,835"
77,Mehron Fancy Woven (OGD#02),https://d224nth7ac0evy.cloudfront.net/catalog/product/cache/ed9f5ebe2a117625f6cd6336daddd764/d/s/dsc_1352.jpg,Men-Fabric-190209,"PKR 2,835"
78,Green Fancy Woven (OGD#01),https://d224nth7ac0evy.cloudfront.net/catalog/product/cache/ed9f5ebe2a117625f6cd6336daddd764/d/s/dsc_1623.jpg,Men-Fabric-190188,"PKR 2,835"
79,Cream Fancy Woven (GD#01),https://d224nth7ac0evy.cloudfront.net/catalog/product/cache/ed9f5ebe2a117625f6cd6336daddd764/d/s/dsc_1178.jpg,Men-Fabric-186815,"PKR 2,790"
80,Off White KARANDI SILK,https://d224nth7ac0evy.cloudfront.net/catalog/product/cache/ed9f5ebe2a117625f6cd6336daddd764/d/s/dsc_0203.jpg,Men-Fabric-191868,"PKR 4,130"
81,Off White HI TEX SATIN,https://d224nth7ac0evy.cloudfront.net/catalog/product/cache/ed9f5ebe2a117625f6cd6336daddd764/d/s/dsc_9925.jpg,Men-Fabric-173448,"PKR 3,825"
82,Light Brown GUL 90000 (P-ULTRA S,https://d224nth7ac0evy.cloudfront.net/catalog/product/cache/ed9f5ebe2a117625f6cd6336daddd764/d/s/dsc_9795.jpg,Men-Fabric-102793,"PKR 2,520"
83,Orange Plain Kurta KE-1332,https://d224nth7ac0evy.cloudfront.net/catalog/product/cache/ed9f5ebe2a117625f6cd6336daddd764/k/e/ke-1332_3_.jpg,M-AP-19-193970 -P,PKR 998
84,Brown Shalwar Kameez SKP-748,https://d224nth7ac0evy.cloudfront.net/catalog/product/cache/ed9f5ebe2a117625f6cd6336daddd764/s/k/skp-748_1_.jpg,M-AP-19-193639 -P,"PKR 2,697"
85,Brown Shalwar Kameez SKP-719,https://d224nth7ac0evy.cloudfront.net/catalog/product/cache/ed9f5ebe2a117625f6cd6336daddd764/s/k/skp-719_3_.jpg,M-AP-19-193494 -P,"PKR 2,247"
86,Sky Blue Shalwar Kameez SKP-713,https://d224nth7ac0evy.cloudfront.net/catalog/product/cache/ed9f5ebe2a117625f6cd6336daddd764/s/k/skp-713_1_.jpg,M-AP-19-193139 -P,"PKR 2,247"
87,Cream Shalwar Kameez SKP-710,https://d224nth7ac0evy.cloudfront.net/catalog/product/cache/ed9f5ebe2a117625f6cd6336daddd764/s/k/skp-710_2_.jpg,M-AP-19-193124 -P,"PKR 2,247"
88,Off White Shalwar Kameez SKP-709,https://d224nth7ac0evy.cloudfront.net/catalog/product/cache/ed9f5ebe2a117625f6cd6336daddd764/s/k/skp-709_1_.jpg,M-AP-19-193119 -P,"PKR 2,247"
89,Off White Shalwar Kameez SKP-688,https://d224nth7ac0evy.cloudfront.net/catalog/product/cache/ed9f5ebe2a117625f6cd6336daddd764/s/k/skp-688_1_.jpg,M-AP-19-190618 -P,"PKR 2,622"
90,Off White Shalwar Kameez SKP-688,https://d224nth7ac0evy.cloudfront.net/catalog/product/cache/ed9f5ebe2a117625f6cd6336daddd764/s/k/skp-688_1_.jpg,M-AP-19-190618 -P,"PKR 2,622"
91,White Shalwar Kameez SKP-687,https://d224nth7ac0evy.cloudfront.net/catalog/product/cache/ed9f5ebe2a117625f6cd6336daddd764/s/k/skp-687_1_.jpg,M-AP-19-190613 -P,"PKR 2,622"
92,Brown Shalwar Kameez SKP-677,https://d224nth7ac0evy.cloudfront.net/catalog/product/cache/ed9f5ebe2a117625f6cd6336daddd764/s/k/skp-677_3_.jpg,M-AP-19-190603 -P,"PKR 2,247"
93,Charcoal Shalwar Kameez SKP-676,https://d224nth7ac0evy.cloudfront.net/catalog/product/cache/ed9f5ebe2a117625f6cd6336daddd764/s/k/skp-676_3_.jpg,M-AP-19-190598 -P,"PKR 2,247"
94,Camel Plain Kurta KS-687,https://d224nth7ac0evy.cloudfront.net/catalog/product/cache/ed9f5ebe2a117625f6cd6336daddd764/k/s/ks-687_3_.jpg,M-AP-19-190563 -P,"PKR 1,498"
95,Brown Plain Kurta KE-1305,https://d224nth7ac0evy.cloudfront.net/catalog/product/cache/ed9f5ebe2a117625f6cd6336daddd764/k/e/ke-1305_3_.jpg,M-AP-19-190488 -P,"PKR 1,348"
96,Grey Plain Kurta KS-677,https://d224nth7ac0evy.cloudfront.net/catalog/product/cache/ed9f5ebe2a117625f6cd6336daddd764/k/s/ks-677_3_.jpg,M-AP-19-188080 -P,"PKR 1,498"
97,Off White Plain Kurta KP-1435,https://d224nth7ac0evy.cloudfront.net/catalog/product/cache/ed9f5ebe2a117625f6cd6336daddd764/k/p/kp-1435_3_.jpg,M-AP-19-180050 -P,"PKR 1,248"
98,Navy Rust Casual Shirt CM-YD-2662,https://d224nth7ac0evy.cloudfront.net/catalog/product/cache/ed9f5ebe2a117625f6cd6336daddd764/c/m/cm-yd-2662_1__1.jpg,M-AP-19-191646 -P,"PKR 1,797"
99,Sky Blue Casual Shirt CM-YD-2677,https://d224nth7ac0evy.cloudfront.net/catalog/product/cache/ed9f5ebe2a117625f6cd6336daddd764/c/m/cm-yd-2677_3_.jpg,M-AP-19-192769 -P,"PKR 1,797"
100,Blue Casual Shirt CM-YD-2676,https://d224nth7ac0evy.cloudfront.net/catalog/product/cache/ed9f5ebe2a117625f6cd6336daddd764/c/m/cm-yd-2676asdas_1_.jpg,M-AP-19-192764 -P,"PKR 1,797"
101,White Casual Shirt CM-YD-2675,https://d224nth7ac0evy.cloudfront.net/catalog/product/cache/ed9f5ebe2a117625f6cd6336daddd764/c/m/cm-yd-2675_2_.jpg,M-AP-19-192759 -P,"PKR 1,797"
102,Charcoal Casual Shirt CM-YD-2674,https://d224nth7ac0evy.cloudfront.net/catalog/product/cache/ed9f5ebe2a117625f6cd6336daddd764/c/m/cm-yd-2674_1_.jpg,M-AP-19-192754 -P,"PKR 1,797"
103,Light Blue Casual Shirt CM-YD-2673,https://d224nth7ac0evy.cloudfront.net/catalog/product/cache/ed9f5ebe2a117625f6cd6336daddd764/c/m/cm-yd-2673_4_.jpg,M-AP-19-192749 -P,"PKR 1,797"
104,Black & Off White Casual Shirt CM-YD-2666,https://d224nth7ac0evy.cloudfront.net/catalog/product/cache/ed9f5ebe2a117625f6cd6336daddd764/c/m/cm-yd-2666_3_.jpg,M-AP-19-191666 -P,"PKR 1,797"
105,Brown & Red Casual Shirt CM-YD-2665,https://d224nth7ac0evy.cloudfront.net/catalog/product/cache/ed9f5ebe2a117625f6cd6336daddd764/c/m/cm-yd-2665_1_.jpg,M-AP-19-191661 -P,"PKR 1,797"
106,Off White Casual Shirt CM-YD-2661,https://d224nth7ac0evy.cloudfront.net/catalog/product/cache/ed9f5ebe2a117625f6cd6336daddd764/c/m/cm-yd-2661_3_.jpg,M-AP-19-191641 -P,"PKR 1,797"
107,Blue Casual Shirt CM-YD-2657,https://d224nth7ac0evy.cloudfront.net/catalog/product/cache/ed9f5ebe2a117625f6cd6336daddd764/c/m/cm-yd-2657_1_.jpg,M-AP-19-191621 -P,"PKR 1,797"
108,Blue Casual Shirt CM-YD-2656,https://d224nth7ac0evy.cloudfront.net/catalog/product/cache/ed9f5ebe2a117625f6cd6336daddd764/c/m/cm-yd-2656_3_.jpg,M-AP-19-191616 -P,"PKR 1,797"
109,Navy Casual Shirt CM-YD-2655,https://d224nth7ac0evy.cloudfront.net/catalog/product/cache/ed9f5ebe2a117625f6cd6336daddd764/c/m/cm-yd-2655_4_.jpg,M-AP-19-191611 -P,"PKR 1,797"
110,Sky Blue Casual Shirt CM-YD-2654,https://d224nth7ac0evy.cloudfront.net/catalog/product/cache/ed9f5ebe2a117625f6cd6336daddd764/c/m/cm-yd-2654_2_.jpg,M-AP-19-191606 -P,"PKR 1,797"
111,Bavy Blue Casual Shirt CM-YD-2653,https://d224nth7ac0evy.cloudfront.net/catalog/product/cache/ed9f5ebe2a117625f6cd6336daddd764/c/m/cm-yd-2653_3_.jpg,M-AP-19-191601 -P,"PKR 1,797"
112,Navy Casual Shirt CM-YD-2650,https://d224nth7ac0evy.cloudfront.net/catalog/product/cache/ed9f5ebe2a117625f6cd6336daddd764/c/m/cm-yd-2650_1__1.jpg,M-AP-19-191586 -P,"PKR 1,797"
113,White Casual Shirt CM-YD-2649,https://d224nth7ac0evy.cloudfront.net/catalog/product/cache/ed9f5ebe2a117625f6cd6336daddd764/c/m/cm-yd-2649_1_.jpg,M-AP-19-191581 -P,"PKR 1,797"
114,Black Casual Shirt CM-YD-2647,https://d224nth7ac0evy.cloudfront.net/catalog/product/cache/ed9f5ebe2a117625f6cd6336daddd764/c/m/cm-yd-2647_1_.jpg,M-AP-19-191571 -P,"PKR 1,797"
115,Sky White Casual Shirt CM-YD-2646,https://d224nth7ac0evy.cloudfront.net/catalog/product/cache/ed9f5ebe2a117625f6cd6336daddd764/c/m/cm-yd-2646_3_.jpg,M-AP-19-191566 -P,"PKR 1,797"
116,Black & White Casual Shirt CM-YD-2645,https://d224nth7ac0evy.cloudfront.net/catalog/product/cache/ed9f5ebe2a117625f6cd6336daddd764/c/m/cm-yd-2645_1_.jpg,M-AP-19-191561 -P,"PKR 1,797"
117,Blue White Checked Casual Shirt CM-YD-2635 CS,https://d224nth7ac0evy.cloudfront.net/catalog/product/cache/ed9f5ebe2a117625f6cd6336daddd764/c/m/cm-yd-2635_cs_4_.jpg,M-AP-19-190318 -P,"PKR 1,497"
118,Oatmeal Printed Polo PKP-URB-D45,https://d224nth7ac0evy.cloudfront.net/catalog/product/cache/ed9f5ebe2a117625f6cd6336daddd764/p/k/pkp-urb-d45_2_.jpg,M-AP-19-187908 -P,PKR 897
119,Ash Grey Printed Polo PKP-URB-D44,https://d224nth7ac0evy.cloudfront.net/catalog/product/cache/ed9f5ebe2a117625f6cd6336daddd764/p/k/pkp-urb-d44_2_.jpg,M-AP-19-187904 -P,PKR 897
120,Oatmeal Basic Henley T-Shirt HS-HEN-SIG-D02-02,https://d224nth7ac0evy.cloudfront.net/catalog/product/cache/ed9f5ebe2a117625f6cd6336daddd764/h/s/hs-hen-sig-d02-02_3__1.jpg,M-AP-19-187814 -P,PKR 717
121,Black Basic Henley T-Shirt HS-HEN-SIG-D02-01,https://d224nth7ac0evy.cloudfront.net/catalog/product/cache/ed9f5ebe2a117625f6cd6336daddd764/h/s/hs-hen-sig-d02-01_4_.jpg,M-AP-19-187810 -P,PKR 717
122,Green Jeans NDJ42_1812,https://d224nth7ac0evy.cloudfront.net/catalog/product/cache/ed9f5ebe2a117625f6cd6336daddd764/n/d/ndj42_1812_2_.jpg,M-AP-19-189089 -P,"PKR 1,248"
123,Grey Denim Jeans JSFB-101_1812,https://d224nth7ac0evy.cloudfront.net/catalog/product/cache/ed9f5ebe2a117625f6cd6336daddd764/j/s/jsfb-101_1812_1_.jpg,M-AP-19-188345 -P,"PKR 1,248"
124,Sky Plain Kurta KS-678,https://d224nth7ac0evy.cloudfront.net/catalog/product/cache/ed9f5ebe2a117625f6cd6336daddd764/k/s/ks-678_3_.jpg,M-AP-19-188085 -P,"PKR 1,498"
125,Navy Henley T-Shirt HS-HEN-SIG-D03-02,https://d224nth7ac0evy.cloudfront.net/catalog/product/cache/ed9f5ebe2a117625f6cd6336daddd764/h/s/hs-hen-sig-d03-02_3_.jpg,M-AP-19-187822 -P,PKR 717
126,Navy Henley T-Shirt HS-HEN-SIG-D03-01,https://d224nth7ac0evy.cloudfront.net/catalog/product/cache/ed9f5ebe2a117625f6cd6336daddd764/h/s/hs-hen-sig-d03-01_3_.jpg,M-AP-19-187818 -P,PKR 717
127,Blue Urban Polo FS-SJP-URB-D05,https://d224nth7ac0evy.cloudfront.net/catalog/product/cache/ed9f5ebe2a117625f6cd6336daddd764/f/s/fs-sjp-urb-d05_3_.jpg,M-AP-19-176973 -P,"PKR 1,077"
128,Navy Urban Polo PKP-URB-D27,https://d224nth7ac0evy.cloudfront.net/catalog/product/cache/ed9f5ebe2a117625f6cd6336daddd764/p/k/pkp-urb-d27_3_.jpg,M-AP-19-176957 -P,PKR 897
129,Navy Urban Polo PKP-URB-D26,https://d224nth7ac0evy.cloudfront.net/catalog/product/cache/ed9f5ebe2a117625f6cd6336daddd764/p/k/pkp-urb-d26_4_.jpg,M-AP-19-176953 -P,PKR 897
130,Itln Blue Urban Graphic T-Shirt FS-JGP-URB-D08,https://d224nth7ac0evy.cloudfront.net/catalog/product/cache/ed9f5ebe2a117625f6cd6336daddd764/f/s/fs-jgp-urb-d08_2_.jpg,M-AP-19-176905 -P,PKR 897
131,White & Red Yarn Dyed Polo FS-SJP-YD-D06,https://d224nth7ac0evy.cloudfront.net/catalog/product/cache/ed9f5ebe2a117625f6cd6336daddd764/f/s/fs-sjp-yd-d06_3_.jpg,M-AP-19-176828 -P,"PKR 1,197"
132,Black & White Yarn Dyed Polo FS-SJP-YD-D05,https://d224nth7ac0evy.cloudfront.net/catalog/product/cache/ed9f5ebe2a117625f6cd6336daddd764/f/s/fs-sjp-yd-d05_2_.jpg,M-AP-19-176824 -P,"PKR 1,197"
133,Green Urban Graphic T-Shirt JGP-URB-D121,https://d224nth7ac0evy.cloudfront.net/catalog/product/cache/ed9f5ebe2a117625f6cd6336daddd764/j/g/jgp-urb-d121_4_.jpg,M-AP-19-176816 -P,PKR 717
134,Red Urban Graphic T-Shirt JGP-URB-D118,https://d224nth7ac0evy.cloudfront.net/catalog/product/cache/ed9f5ebe2a117625f6cd6336daddd764/j/g/jgp-urb-d118_2__1.jpg,M-AP-19-176804 -P,PKR 717
135,Pink Brown Casual Shirt CM-YD-2668,https://d224nth7ac0evy.cloudfront.net/catalog/product/cache/ed9f5ebe2a117625f6cd6336daddd764/c/m/cm-yd-2668_3_.jpg,M-AP-19-191675 -P,"PKR 1,797"
136,Multi Casual Shirt CM-YD-2667,https://d224nth7ac0evy.cloudfront.net/catalog/product/cache/ed9f5ebe2a117625f6cd6336daddd764/c/m/cm-yd-2667_3__1.jpg,M-AP-19-191671 -P,"PKR 1,797"
137,Black Urban Graphic T-Shirt JGP-URB-D168,https://d224nth7ac0evy.cloudfront.net/catalog/product/cache/ed9f5ebe2a117625f6cd6336daddd764/j/g/jgp-urb-d168_2__1.jpg,M-AP-19-189581 -P,PKR 597
138,White Urban Graphic T-Shirt JGP-URB-D122,https://d224nth7ac0evy.cloudfront.net/catalog/product/cache/ed9f5ebe2a117625f6cd6336daddd764/j/g/jgp-urb-d122_2_.jpg,M-AP-19-176941 -P,PKR 657
139,White Urban Graphic T-Shirt FS-JGP-URB-D10,https://d224nth7ac0evy.cloudfront.net/catalog/product/cache/ed9f5ebe2a117625f6cd6336daddd764/f/s/fs-jgp-urb-d10_2_.jpg,M-AP-19-176913 -P,PKR 897
140,Silver Grey Urban Graphic T-Shirt FS-JGP-URB-D09,https://d224nth7ac0evy.cloudfront.net/catalog/product/cache/ed9f5ebe2a117625f6cd6336daddd764/f/s/fs-jgp-urb-d09_1_.jpg,M-AP-19-176909 -P,PKR 897
141,Ash Grey Urban Graphic T-Shirt FS-JGP-URB-D06,https://d224nth7ac0evy.cloudfront.net/catalog/product/cache/ed9f5ebe2a117625f6cd6336daddd764/f/s/fs-jgp-urb-d06_2_.jpg,M-AP-19-176897 -P,PKR 897
142,Mustard Urban Graphic T-Shirt FS-JGP-URB-D04,https://d224nth7ac0evy.cloudfront.net/catalog/product/cache/ed9f5ebe2a117625f6cd6336daddd764/f/s/fs-jgp-urb-d04_4_.jpg,M-AP-19-176893 -P,PKR 897
143,Mustard Yarn Dyed Polo FS-SJP-YD-D07,https://d224nth7ac0evy.cloudfront.net/catalog/product/cache/ed9f5ebe2a117625f6cd6336daddd764/f/s/fs-sjp-yd-d07_1_.jpg,M-AP-19-176832 -P,"PKR 1,197"
144,Navy Red Yarn Dyed Polo FS-SJP-YD-D04,https://d224nth7ac0evy.cloudfront.net/catalog/product/cache/ed9f5ebe2a117625f6cd6336daddd764/f/s/fs-sjp-yd-d04_2_.jpg,M-AP-19-176820 -P,"PKR 1,197"
145,Blue Urban Graphic T-Shirt JGP-URB-D119,https://d224nth7ac0evy.cloudfront.net/catalog/product/cache/ed9f5ebe2a117625f6cd6336daddd764/j/g/jgp-urb-d119_2_.jpg,M-AP-19-176808 -P,PKR 717
146,Green Signature Polo PKP-SB-41,https://d224nth7ac0evy.cloudfront.net/catalog/product/cache/ed9f5ebe2a117625f6cd6336daddd764/p/k/pkp-sb-41_3_.jpg,M-AP-19-174750 -P,PKR 837
147,Ash Grey Signature Polo PKP-SB-39,https://d224nth7ac0evy.cloudfront.net/catalog/product/cache/ed9f5ebe2a117625f6cd6336daddd764/p/k/pkp-sb-39_2__1.jpg,M-AP-19-174740 -P,PKR 837
148,White Blue Urban Graphic T-Shirt JGP-URB-D110,https://d224nth7ac0evy.cloudfront.net/catalog/product/cache/ed9f5ebe2a117625f6cd6336daddd764/j/g/jgp-urb-d110_1_.jpg,M-AP-19-174728 -P,PKR 717
149,IMC-BELT-04-01 Casual Belt,https://d224nth7ac0evy.cloudfront.net/catalog/product/cache/ed9f5ebe2a117625f6cd6336daddd764/i/m/imc-belt-04-01.jpg,M-AP-18-BLT-19-171831 -P,"PKR 1,248"
150,IMC-BELT-03-01 Casual Belt,https://d224nth7ac0evy.cloudfront.net/catalog/product/cache/ed9f5ebe2a117625f6cd6336daddd764/i/m/imc-belt-03-01_1.jpg,M-AP-18-BLT-19-171827 -P,"PKR 1,248"
151,IMC-BELT-02-01 Casual Belt,https://d224nth7ac0evy.cloudfront.net/catalog/product/cache/ed9f5ebe2a117625f6cd6336daddd764/i/m/imc-belt-02-01.jpg,M-AP-18-BLT-19-171823 -P,"PKR 1,098"
152,IMC-BELT-01-01 Casual Belt,https://d224nth7ac0evy.cloudfront.net/catalog/product/cache/ed9f5ebe2a117625f6cd6336daddd764/i/m/imc-belt-01-01_3_.jpg,M-AP-18-BLT-19-171819 -P,"PKR 1,098"
153,IMF-BELT-06-01 Formal Belt,https://d224nth7ac0evy.cloudfront.net/catalog/product/cache/ed9f5ebe2a117625f6cd6336daddd764/i/m/imf-belt-06-01.jpg,M-AP-18-BLT-19-171815 -P,"PKR 1,098"
154,IMF-BELT-05-01 Formal Belt,https://d224nth7ac0evy.cloudfront.net/catalog/product/cache/ed9f5ebe2a117625f6cd6336daddd764/i/m/imf-belt-05-01.jpg,M-AP-18-BLT-19-171811 -P,"PKR 1,098"
155,IMF-BELT-03-01 Formal Belt,https://d224nth7ac0evy.cloudfront.net/catalog/product/cache/ed9f5ebe2a117625f6cd6336daddd764/i/m/imf-belt-03-01_4_.jpg,M-AP-18-BLT-19-171803 -P,"PKR 1,248"
156,IMF-BELT-02-01 Formal Belt,https://d224nth7ac0evy.cloudfront.net/catalog/product/cache/ed9f5ebe2a117625f6cd6336daddd764/i/m/imf-belt-02-01.jpg,M-AP-18-BLT-19-171799 -P,"PKR 1,248"
157,IMF-BELT-01-02 Formal Belt,https://d224nth7ac0evy.cloudfront.net/catalog/product/cache/ed9f5ebe2a117625f6cd6336daddd764/i/m/imf-belt-01-02.jpg,M-AP-18-BLT-19-171795 -P,"PKR 1,248"
158,IMF-BELT-01-01 Formal Belt,https://d224nth7ac0evy.cloudfront.net/catalog/product/cache/ed9f5ebe2a117625f6cd6336daddd764/i/m/imf-belt-01-01.jpg,M-AP-18-BLT-19-171791 -P,"PKR 1,248"
159,Tea Pink Plain Kurta KS-691,https://d224nth7ac0evy.cloudfront.net/catalog/product/cache/ed9f5ebe2a117625f6cd6336daddd764/k/s/ks-691_3_.jpg,M-AP-19-190393 -P,"PKR 1,498"
160,Multi Checked Casual Shirt CM-YD-2641 CS,https://d224nth7ac0evy.cloudfront.net/catalog/product/cache/ed9f5ebe2a117625f6cd6336daddd764/c/m/cm-yd-2641_cs_3_.jpg,M-AP-19-190348 -P,"PKR 1,497"
161,Multi Checked Casual Shirt CM-YD-2640 CS,https://d224nth7ac0evy.cloudfront.net/catalog/product/cache/ed9f5ebe2a117625f6cd6336daddd764/c/m/cm-yd-2640_cs_4_.jpg,M-AP-19-190343 -P,"PKR 1,497"
162,Multi Checked Casual Shirt CM-YD-2634 CS,https://d224nth7ac0evy.cloudfront.net/catalog/product/cache/ed9f5ebe2a117625f6cd6336daddd764/c/m/cm-yd-2634_cs_1_.jpg,M-AP-19-190313 -P,"PKR 1,497"
163,Dark Brown Checked Casual Shirt CM-YD-2631 CS,https://d224nth7ac0evy.cloudfront.net/catalog/product/cache/ed9f5ebe2a117625f6cd6336daddd764/c/m/cm-yd-2631_cs_1_.jpg,M-AP-19-190298 -P,"PKR 1,497"
164,Blue Plain Kurta KS-681,https://d224nth7ac0evy.cloudfront.net/catalog/product/cache/ed9f5ebe2a117625f6cd6336daddd764/k/s/ks-681_2_.jpg,M-AP-19-186269 -P,"PKR 1,498"
165,Mustard Urban Graphic T-Shirt JGP-URB-D114,https://d224nth7ac0evy.cloudfront.net/catalog/product/cache/ed9f5ebe2a117625f6cd6336daddd764/j/g/jgp-urb-d114_3_.jpg,M-AP-19-176933 -P,PKR 597
166,Ash Formal Shirt CM-PD-407,https://d224nth7ac0evy.cloudfront.net/catalog/product/cache/ed9f5ebe2a117625f6cd6336daddd764/c/m/cm-pd-407_3_.jpg,M-AP-19-190755 -P,"PKR 1,497"
167,Pink Formal Shirt CM-PD-406,https://d224nth7ac0evy.cloudfront.net/catalog/product/cache/ed9f5ebe2a117625f6cd6336daddd764/c/m/cm-pd-406_4_.jpg,M-AP-19-190747 -P,"PKR 1,497"
168,Lilac Formal Shirt CM-PD-405,https://d224nth7ac0evy.cloudfront.net/catalog/product/cache/ed9f5ebe2a117625f6cd6336daddd764/c/m/cm-pd-405_1_.jpg,M-AP-19-190739 -P,"PKR 1,497"
169,Light Azure Formal Shirt CM-PD-404,https://d224nth7ac0evy.cloudfront.net/catalog/product/cache/ed9f5ebe2a117625f6cd6336daddd764/c/m/cm-pd-404_4_.jpg,M-AP-19-190731 -P,"PKR 1,497"
170,Dark Azure Formal Shirt CM-PD-403,https://d224nth7ac0evy.cloudfront.net/catalog/product/cache/ed9f5ebe2a117625f6cd6336daddd764/c/m/cm-pd-403_4_.jpg,M-AP-19-190723 -P,"PKR 1,497"
171,Khaki Formal Shirt CM-PD-401,https://d224nth7ac0evy.cloudfront.net/catalog/product/cache/ed9f5ebe2a117625f6cd6336daddd764/c/m/cm-pd-401_4_.jpg,M-AP-19-190707 -P,"PKR 1,497"
172,White Formal Shirt CM-YD-2330,https://d224nth7ac0evy.cloudfront.net/catalog/product/cache/ed9f5ebe2a117625f6cd6336daddd764/c/m/cm-yd-2330_4_.jpg,M-AP-19-187348 -P,"PKR 1,977"
173,White Formal Shirt CM-YD-2328,https://d224nth7ac0evy.cloudfront.net/catalog/product/cache/ed9f5ebe2a117625f6cd6336daddd764/c/m/cm-yd-2328_4_.jpg,M-AP-19-187334 -P,"PKR 1,977"
174,White Formal Shirt CM-YD-2326,https://d224nth7ac0evy.cloudfront.net/catalog/product/cache/ed9f5ebe2a117625f6cd6336daddd764/c/m/cm-yd-2326_1_.jpg,M-AP-19-187320 -P,"PKR 1,977"
175,Navy Mauve Checked Formal Shirt CM-YD-2350,https://d224nth7ac0evy.cloudfront.net/catalog/product/cache/ed9f5ebe2a117625f6cd6336daddd764/c/m/cm-yd-2350_1_.jpg,M-AP-19-180694 -P,"PKR 1,617"
176,Multi Checked Casual Shirt CM-YD-2642 CS,https://d224nth7ac0evy.cloudfront.net/catalog/product/cache/ed9f5ebe2a117625f6cd6336daddd764/c/m/cm-yd-2642_cs_3_.jpg,M-AP-19-190353 -P,"PKR 1,497"
177,Grey & Brown Checked Casual Shirt CM-YD-2639 CS,https://d224nth7ac0evy.cloudfront.net/catalog/product/cache/ed9f5ebe2a117625f6cd6336daddd764/c/m/cm-yd-2639_cs_3_.jpg,M-AP-19-190338 -P,"PKR 1,497"
178,Multi Checked Casual Shirt CM-YD-2633 CS,https://d224nth7ac0evy.cloudfront.net/catalog/product/cache/ed9f5ebe2a117625f6cd6336daddd764/c/m/cm-yd-2633_cs_1_.jpg,M-AP-19-190308 -P,"PKR 1,497"
179,Sky Blue Casual Shirt CM-YD-2630 CS,https://d224nth7ac0evy.cloudfront.net/catalog/product/cache/ed9f5ebe2a117625f6cd6336daddd764/c/m/cm-yd-2630_cs_3_.jpg,M-AP-19-190293 -P,"PKR 1,497"
180,Sky Blue Casual Shirt CM-YD-2629 CS,https://d224nth7ac0evy.cloudfront.net/catalog/product/cache/ed9f5ebe2a117625f6cd6336daddd764/c/m/cm-yd-2629_cs_7_.jpg,M-AP-19-190288 -P,"PKR 1,497"
181,Multi Casual Shirt CM-YD-2533 CS,https://d224nth7ac0evy.cloudfront.net/catalog/product/cache/ed9f5ebe2a117625f6cd6336daddd764/c/m/cm-yd-2533_cs_3_.jpg,M-AP-19-187634 -P,"PKR 1,497"
182,Multi Casual Shirt CM-YD-2531 CS,https://d224nth7ac0evy.cloudfront.net/catalog/product/cache/ed9f5ebe2a117625f6cd6336daddd764/c/m/cm-yd-2531_cs_3_.jpg,M-AP-19-187624 -P,"PKR 1,497"
183,Multi Casual Shirt CM-YD-2528 CS,https://d224nth7ac0evy.cloudfront.net/catalog/product/cache/ed9f5ebe2a117625f6cd6336daddd764/c/m/cm-yd-2528_cs_3_.jpg,M-AP-19-187609 -P,"PKR 1,497"
184,Multi Casual Shirt CM-YD-2525 CS,https://d224nth7ac0evy.cloudfront.net/catalog/product/cache/ed9f5ebe2a117625f6cd6336daddd764/c/m/cm-yd-2525_cs_3_.jpg,M-AP-19-187594 -P,"PKR 1,497"
185,Multi Casual Shirt CM-YD-2524 CS,https://d224nth7ac0evy.cloudfront.net/catalog/product/cache/ed9f5ebe2a117625f6cd6336daddd764/c/m/cm-yd-2524_cs_3_.jpg,M-AP-19-187589 -P,"PKR 1,497"
186,Multi Casual Shirt CM-YD-2523 CS,https://d224nth7ac0evy.cloudfront.net/catalog/product/cache/ed9f5ebe2a117625f6cd6336daddd764/c/m/cm-yd-2523_cs_3_.jpg,M-AP-19-187584 -P,"PKR 1,497"
187,Multi Casual Shirt CM-YD-2522 CS,https://d224nth7ac0evy.cloudfront.net/catalog/product/cache/ed9f5ebe2a117625f6cd6336daddd764/c/m/cm-yd-2522_cs_3_.jpg,M-AP-19-187579 -P,"PKR 1,497"
188,Multi Casual Shirt CM-YD-2518 CS,https://d224nth7ac0evy.cloudfront.net/catalog/product/cache/ed9f5ebe2a117625f6cd6336daddd764/c/m/cm-yd-2518_cs_4_.jpg,M-AP-19-187559 -P,"PKR 1,497"
189,Green & Navy Checked Casual Shirt CM-YD-2512  CS,https://d224nth7ac0evy.cloudfront.net/catalog/product/cache/ed9f5ebe2a117625f6cd6336daddd764/c/m/cm-yd-2512_cs_3_.jpg,M-AP-19-185245 -P,"PKR 1,497"
190,Grey & White Checked Casual Shirt CM-YD-2511  CS,https://d224nth7ac0evy.cloudfront.net/catalog/product/cache/ed9f5ebe2a117625f6cd6336daddd764/c/m/cm-yd-2511_cs_3_.jpg,M-AP-19-185239 -P,"PKR 1,497"
191,Red & Navy Checked Casual Shirt CM-YD-2510  CS,https://d224nth7ac0evy.cloudfront.net/catalog/product/cache/ed9f5ebe2a117625f6cd6336daddd764/c/m/cm-yd-2510_cs_3_.jpg,M-AP-19-185233 -P,"PKR 1,497"
192,Pink Checked Casual Shirt CM-YD-2500  CS,https://d224nth7ac0evy.cloudfront.net/catalog/product/cache/ed9f5ebe2a117625f6cd6336daddd764/c/m/cm-yd-2500_cs_3_.jpg,M-AP-19-184379 -P,"PKR 1,497"
193,Navy Striped Casual Shirt CM-YD-2490  CS,https://d224nth7ac0evy.cloudfront.net/catalog/product/cache/ed9f5ebe2a117625f6cd6336daddd764/c/m/cm-yd-2490_cs_3_.jpg,M-AP-19-184328 -P,"PKR 1,497"
194,Sky Casual Shirt CM-YD-2487  CS,https://d224nth7ac0evy.cloudfront.net/catalog/product/cache/ed9f5ebe2a117625f6cd6336daddd764/c/m/cm-yd-2487_cs_3_.jpg,M-AP-19-184313 -P,"PKR 1,497"
195,Blue & Pink Striped Casual Shirt CM-YD-2479  CS,https://d224nth7ac0evy.cloudfront.net/catalog/product/cache/ed9f5ebe2a117625f6cd6336daddd764/c/m/cm-yd-2479_cs_3_.jpg,M-AP-19-184272 -P,"PKR 1,497"
196,Multi Checked Casual Shirt CM-YD-2478  CS,https://d224nth7ac0evy.cloudfront.net/catalog/product/cache/ed9f5ebe2a117625f6cd6336daddd764/c/m/cm-yd-2478_cs_5_.jpg,M-AP-19-184267 -P,"PKR 1,497"
197,Brown & Black Checked Casual Shirt CM-YD-2477  CS,https://d224nth7ac0evy.cloudfront.net/catalog/product/cache/ed9f5ebe2a117625f6cd6336daddd764/c/m/cm-yd-2477_cs_3_.jpg,M-AP-19-184262 -P,"PKR 1,497"
198,Multi Casual Shirt CM-YD-2455  CS,https://d224nth7ac0evy.cloudfront.net/catalog/product/cache/ed9f5ebe2a117625f6cd6336daddd764/c/m/cm-yd-2455_cs_3_.jpg,M-AP-19-178390 -P,"PKR 1,617"
199,Sharp Blue Formal Shirt CM-PD-402,https://d224nth7ac0evy.cloudfront.net/catalog/product/cache/ed9f5ebe2a117625f6cd6336daddd764/c/m/cm-pd-402_4_.jpg,M-AP-19-190715 -P,"PKR 1,497"
200,Black Formal Shirt CM-PD-399,https://d224nth7ac0evy.cloudfront.net/catalog/product/cache/ed9f5ebe2a117625f6cd6336daddd764/c/m/cm-pd-399_4_.jpg,M-AP-19-190691 -P,"PKR 1,497"
201,Denim Printed Formal Shirt CM-YD-2383,https://d224nth7ac0evy.cloudfront.net/catalog/product/cache/ed9f5ebe2a117625f6cd6336daddd764/c/m/cm-yd-2383_4_.jpg,M-AP-19-188639 -P,"PKR 1,977"
202,Denim Printed Formal Shirt CM-YD-2381,https://d224nth7ac0evy.cloudfront.net/catalog/product/cache/ed9f5ebe2a117625f6cd6336daddd764/c/m/cm-yd-2381_2_.jpg,M-AP-19-188623 -P,"PKR 1,977"
203,Denim Printed Formal Shirt CM-YD-2380,https://d224nth7ac0evy.cloudfront.net/catalog/product/cache/ed9f5ebe2a117625f6cd6336daddd764/c/m/cm-yd-2380_8_.jpg,M-AP-19-188615 -P,"PKR 1,977"
204,Denim Printed Formal Shirt CM-YD-2379,https://d224nth7ac0evy.cloudfront.net/catalog/product/cache/ed9f5ebe2a117625f6cd6336daddd764/c/m/cm-yd-2379_4_.jpg,M-AP-19-188607 -P,"PKR 1,977"
205,Light Blue Formal Shirt CM-YD-2377,https://d224nth7ac0evy.cloudfront.net/catalog/product/cache/ed9f5ebe2a117625f6cd6336daddd764/c/m/cm-yd-2377_4_.jpg,M-AP-19-188591 -P,"PKR 1,977"
206,Navy Formal Shirt CM-YD-2376,https://d224nth7ac0evy.cloudfront.net/catalog/product/cache/ed9f5ebe2a117625f6cd6336daddd764/c/m/cm-yd-2376_4_.jpg,M-AP-19-188583 -P,"PKR 1,977"
207,White & Blue Formal Shirt CM-YD-2375,https://d224nth7ac0evy.cloudfront.net/catalog/product/cache/ed9f5ebe2a117625f6cd6336daddd764/c/m/cm-yd-2375_4_.jpg,M-AP-19-187427 -P,"PKR 1,977"
208,Grey & Navy Formal Shirt CM-YD-2368,https://d224nth7ac0evy.cloudfront.net/catalog/product/cache/ed9f5ebe2a117625f6cd6336daddd764/c/m/cm-yd-2368_4_.jpg,M-AP-19-187371 -P,"PKR 1,977"
209,Navy & Orange Formal Shirt CM-YD-2367,https://d224nth7ac0evy.cloudfront.net/catalog/product/cache/ed9f5ebe2a117625f6cd6336daddd764/c/m/cm-yd-2367_4__1.jpg,M-AP-19-187363 -P,"PKR 1,977"
210,Black Formal Shirt CM-YD-2332,https://d224nth7ac0evy.cloudfront.net/catalog/product/cache/ed9f5ebe2a117625f6cd6336daddd764/c/m/cm-yd-2332_4__1.jpg,M-AP-19-185561 -P,"PKR 1,977"
211,Black & White Checked Formal Shirt CM-YD-2331,https://d224nth7ac0evy.cloudfront.net/catalog/product/cache/ed9f5ebe2a117625f6cd6336daddd764/c/m/cm-yd-2331_4__1.jpg,M-AP-19-185554 -P,"PKR 1,977"
212,Olive Shalwar Kameez SKS-121,https://d224nth7ac0evy.cloudfront.net/catalog/product/cache/ed9f5ebe2a117625f6cd6336daddd764/s/k/sks-121_1_.jpg,M-AP-19-189950 -P,"PKR 2,622"
213,Tea Pink Shalwar Kameez SKS-119,https://d224nth7ac0evy.cloudfront.net/catalog/product/cache/ed9f5ebe2a117625f6cd6336daddd764/s/k/sks-119_1_.jpg,M-AP-19-189940 -P,"PKR 2,622"
214,Off White Shalwar Kameez SKS-117,https://d224nth7ac0evy.cloudfront.net/catalog/product/cache/ed9f5ebe2a117625f6cd6336daddd764/s/k/sks-117_1_.jpg,M-AP-19-189930 -P,"PKR 2,622"
215,Multi Casual Shirt CM-YD-2532 CS,https://d224nth7ac0evy.cloudfront.net/catalog/product/cache/ed9f5ebe2a117625f6cd6336daddd764/c/m/cm-yd-2532_cs_3_.jpg,M-AP-19-187629 -P,"PKR 1,497"
216,Multi Casual Shirt CM-YD-2520 CS,https://d224nth7ac0evy.cloudfront.net/catalog/product/cache/ed9f5ebe2a117625f6cd6336daddd764/c/m/cm-yd-2520_cs_3_.jpg,M-AP-19-187569 -P,"PKR 1,497"
217,Multi Casual Shirt CM-YD-2519 CS,https://d224nth7ac0evy.cloudfront.net/catalog/product/cache/ed9f5ebe2a117625f6cd6336daddd764/c/m/cm-yd-2519_cs_3_.jpg,M-AP-19-187564 -P,"PKR 1,497"
218,Navy & White Formal Shirt CM-YD-2369,https://d224nth7ac0evy.cloudfront.net/catalog/product/cache/ed9f5ebe2a117625f6cd6336daddd764/c/m/cm-yd-2369_4_.jpg,M-AP-19-187379 -P,"PKR 1,977"
219,White & Navy Formal Shirt CM-YD-2366,https://d224nth7ac0evy.cloudfront.net/catalog/product/cache/ed9f5ebe2a117625f6cd6336daddd764/c/m/cm-yd-2366_4_.jpg,M-AP-19-187355 -P,"PKR 1,977"
220,Ash Grey Shalwar Kameez SKP-675,https://d224nth7ac0evy.cloudfront.net/catalog/product/cache/ed9f5ebe2a117625f6cd6336daddd764/s/k/skp-675_3_.jpg,M-AP-19-187315 -P,"PKR 2,247"
221,Off White Shalwar Kameez SKP-674,https://d224nth7ac0evy.cloudfront.net/catalog/product/cache/ed9f5ebe2a117625f6cd6336daddd764/s/k/skp-674_3_.jpg,M-AP-19-187310 -P,"PKR 2,247"
222,Black & White Striped Formal Shirt CM-YD-2335,https://d224nth7ac0evy.cloudfront.net/catalog/product/cache/ed9f5ebe2a117625f6cd6336daddd764/c/m/cm-yd-2335_4_.jpg,M-AP-19-185575 -P,"PKR 1,977"
223,Fawn Casual Shirt CM-YD-2484  CS,https://d224nth7ac0evy.cloudfront.net/catalog/product/cache/ed9f5ebe2a117625f6cd6336daddd764/c/m/cm-yd-2484_cs_3_.jpg,M-AP-19-184297 -P,"PKR 1,497"
224,Multi Casual Shirt CM-YD-2433-A-CS,https://d224nth7ac0evy.cloudfront.net/catalog/product/cache/ed9f5ebe2a117625f6cd6336daddd764/c/m/cm-yd-2433_cs_3__1.jpg,M-AP-19-175136 -P,"PKR 1,497"
225,Red Dobby Shirt RCG-01,https://d224nth7ac0evy.cloudfront.net/catalog/product/cache/ed9f5ebe2a117625f6cd6336daddd764/i/m/imgp8400_1.jpg,MEN-FABRIC-RS-19-193743,PKR 867
226,Grey Plain Kurta KS-647,https://d224nth7ac0evy.cloudfront.net/catalog/product/cache/ed9f5ebe2a117625f6cd6336daddd764/k/s/ks-647_3_.jpg,M-AP-19-190558 -P,"PKR 1,498"
227,Grey Plain Kurta KE-1298,https://d224nth7ac0evy.cloudfront.net/catalog/product/cache/ed9f5ebe2a117625f6cd6336daddd764/k/e/ke-1298_2_.jpg,M-AP-19-187126 -P,"PKR 1,498"
228,Grey Plain Kurta KS-646,https://d224nth7ac0evy.cloudfront.net/catalog/product/cache/ed9f5ebe2a117625f6cd6336daddd764/k/s/ks-646_4_.jpg,M-AP-19-190553 -P,"PKR 1,498"
229,Grey Plain Kurta KS-651,https://d224nth7ac0evy.cloudfront.net/catalog/product/cache/ed9f5ebe2a117625f6cd6336daddd764/k/s/ks-651_3_.jpg,M-AP-19-190518 -P,"PKR 1,498"
230,Beige Plain Kurta KS-650,https://d224nth7ac0evy.cloudfront.net/catalog/product/cache/ed9f5ebe2a117625f6cd6336daddd764/k/s/ks-650_3_.jpg,M-AP-19-190513 -P,"PKR 1,498"
231,Grey Plain Kurta KP-1479,https://d224nth7ac0evy.cloudfront.net/catalog/product/cache/ed9f5ebe2a117625f6cd6336daddd764/k/p/kp-1479_1_.jpg,M-AP-19-188996 -P,"PKR 1,248"
232,Off White Plain Kurta KP-1469,https://d224nth7ac0evy.cloudfront.net/catalog/product/cache/ed9f5ebe2a117625f6cd6336daddd764/k/p/kp-1469_3_.jpg,M-AP-19-188060 -P,"PKR 1,498"
233,Brown Plain Kurta KS-683,https://d224nth7ac0evy.cloudfront.net/catalog/product/cache/ed9f5ebe2a117625f6cd6336daddd764/k/s/ks-683_3_.jpg,M-AP-19-186279 -P,"PKR 1,498"
234,Sky Plain Kurta KS-679,https://d224nth7ac0evy.cloudfront.net/catalog/product/cache/ed9f5ebe2a117625f6cd6336daddd764/k/s/ks-679_3_.jpg,M-AP-19-186259 -P,"PKR 1,498"
235,Brown Plain Kurta KS-662,https://d224nth7ac0evy.cloudfront.net/catalog/product/cache/ed9f5ebe2a117625f6cd6336daddd764/k/s/ks-662_3_.jpg,M-AP-19-186214 -P,"PKR 1,498"
236,Off White Plain Kurta KS-570,https://d224nth7ac0evy.cloudfront.net/catalog/product/cache/ed9f5ebe2a117625f6cd6336daddd764/k/s/ks-570_3_.jpg,M-AP-19-179486 -P,"PKR 1,248"
237,Purple Shalwar Kameez SKP-646-01,https://d224nth7ac0evy.cloudfront.net/catalog/product/cache/ed9f5ebe2a117625f6cd6336daddd764/s/k/skp-646-01_3_.jpg,M-AP-19-180247 -P,"PKR 2,697"
238,Sky Blue Shalwar Kameez SKP-647-01,https://d224nth7ac0evy.cloudfront.net/catalog/product/cache/ed9f5ebe2a117625f6cd6336daddd764/s/k/skp-647-01_4_.jpg,M-AP-19-180257 -P,"PKR 2,697"
239,Peach Shalwar Kameez SKP-645-01,https://d224nth7ac0evy.cloudfront.net/catalog/product/cache/ed9f5ebe2a117625f6cd6336daddd764/s/k/skp-645-01_1_.jpg,M-AP-19-180237 -P,"PKR 2,697"
240,Rust Shalwar Kameez SKP-621,https://d224nth7ac0evy.cloudfront.net/catalog/product/cache/ed9f5ebe2a117625f6cd6336daddd764/s/k/skp-621_4_.jpg,M-AP-19-179910 -P,"PKR 2,697"
241,White Urban Graphic T-Shirt JGP-URB-D111,https://d224nth7ac0evy.cloudfront.net/catalog/product/cache/ed9f5ebe2a117625f6cd6336daddd764/j/g/jgp-urb-d111_3_.jpg,M-AP-19-176921 -P,PKR 597
242,Cream Plain Kurta KP-1499,https://d224nth7ac0evy.cloudfront.net/catalog/product/cache/ed9f5ebe2a117625f6cd6336daddd764/8/4/848481_1_.jpg,M-AP-19-190151 -P,"PKR 1,248"
243,Orange Plain Kurta KP-1481,https://d224nth7ac0evy.cloudfront.net/catalog/product/cache/ed9f5ebe2a117625f6cd6336daddd764/k/p/kp-1481_4_.jpg,M-AP-19-189006 -P,"PKR 1,248"
244,Yellow Plain Kurta KP-1477,https://d224nth7ac0evy.cloudfront.net/catalog/product/cache/ed9f5ebe2a117625f6cd6336daddd764/k/p/kp-1477_4_.jpg,M-AP-19-188986 -P,"PKR 1,248"
245,Peach Plain Kurta KS-660,https://d224nth7ac0evy.cloudfront.net/catalog/product/cache/ed9f5ebe2a117625f6cd6336daddd764/k/s/ks-660_2_.jpg,M-AP-19-186204 -P,"PKR 1,498"
246,Navy Urban Graphic T-Shirt JGP-URB-D131,https://d224nth7ac0evy.cloudfront.net/catalog/product/cache/ed9f5ebe2a117625f6cd6336daddd764/j/g/jgp-urb-d131_2_.jpg,M-AP-19-188222 -P,PKR 717
247,Green Urban Graphic T-Shirt JGP-URB-D125,https://d224nth7ac0evy.cloudfront.net/catalog/product/cache/ed9f5ebe2a117625f6cd6336daddd764/j/g/jgp-urb-d125_4_.jpg,M-AP-19-188198 -P,PKR 717
248,Dark Blue Formal Shirt CM-YD-2344 Mr.Blu 3,https://d224nth7ac0evy.cloudfront.net/catalog/product/cache/ed9f5ebe2a117625f6cd6336daddd764/c/m/cm-yd-2344_mr.blu_3_3_.jpg,M-AP-19-184645 -P,"PKR 1,617"
249,Dark Blue Formal Shirt CM-YD-2343 Mr.Blu 3,https://d224nth7ac0evy.cloudfront.net/catalog/product/cache/ed9f5ebe2a117625f6cd6336daddd764/c/m/cm-yd-2343_mr.blu_3_4_.jpg,M-AP-19-184637 -P,"PKR 1,617"
250,Dark Blue Formal Shirt CM-YD-2342 Mr.Blu 3,https://d224nth7ac0evy.cloudfront.net/catalog/product/cache/ed9f5ebe2a117625f6cd6336daddd764/c/m/cm-yd-2342_mr.blu_3_3_.jpg,M-AP-19-184629 -P,"PKR 1,617"
251,Dark Blue Formal Shirt CM-YD-2340 Mr.Blu 3,https://d224nth7ac0evy.cloudfront.net/catalog/product/cache/ed9f5ebe2a117625f6cd6336daddd764/c/m/cm-yd-_2340_4_.jpg,M-AP-19-184613 -P,"PKR 1,617"
252,Blue Formal Shirt CM-YD-2339 Mr.Blu 3,https://d224nth7ac0evy.cloudfront.net/catalog/product/cache/ed9f5ebe2a117625f6cd6336daddd764/c/m/cm-yd-2339_mr.blu_3_3_.jpg,M-AP-19-184605 -P,"PKR 1,617"
253,Light Blue Formal Shirt CM-YD-2338  Mr.Blu 3,https://d224nth7ac0evy.cloudfront.net/catalog/product/cache/ed9f5ebe2a117625f6cd6336daddd764/c/m/cm-yd-2338_mr.blu_3_4_.jpg,M-AP-19-184597 -P,"PKR 1,617"
254,Blue Formal Shirt CM-YD-2337 Mr.Blu 3,https://d224nth7ac0evy.cloudfront.net/catalog/product/cache/ed9f5ebe2a117625f6cd6336daddd764/c/m/cm-yd-2337_mr.blu_3_1_.jpg,M-AP-19-184589 -P,"PKR 1,617"
255,Blue Formal Shirt CM-YD-2336 Mr.Blu 3,https://d224nth7ac0evy.cloudfront.net/catalog/product/cache/ed9f5ebe2a117625f6cd6336daddd764/c/m/cm-yd-2336_mr.blu_3_4_.jpg,M-AP-19-184581 -P,"PKR 1,617"
256,Navy & White Formal Shirt CM-YD-2358,https://d224nth7ac0evy.cloudfront.net/catalog/product/cache/ed9f5ebe2a117625f6cd6336daddd764/c/m/cm-yd-2358_3_.jpg,M-AP-19-180877 -P,"PKR 1,617"
257,Pink Formal Shirt CM-PD-396,https://d224nth7ac0evy.cloudfront.net/catalog/product/cache/ed9f5ebe2a117625f6cd6336daddd764/c/m/cm-pd-396_3_.jpg,M-AP-19-187491 -P,"PKR 1,497"
258,Lilac Formal Shirt CM-PD-395,https://d224nth7ac0evy.cloudfront.net/catalog/product/cache/ed9f5ebe2a117625f6cd6336daddd764/c/m/cm-pd-395_4_.jpg,M-AP-19-187483 -P,"PKR 1,497"
259,Light Azure Formal Shirt CM-PD-394,https://d224nth7ac0evy.cloudfront.net/catalog/product/cache/ed9f5ebe2a117625f6cd6336daddd764/c/m/cm-pd-394_4_.jpg,M-AP-19-187475 -P,"PKR 1,497"
260,Azure Formal Shirt CM-PD-393,https://d224nth7ac0evy.cloudfront.net/catalog/product/cache/ed9f5ebe2a117625f6cd6336daddd764/c/m/cm-pd-393_4_.jpg,M-AP-19-187467 -P,"PKR 1,497"
261,Khaki Formal Shirt CM-PD-391,https://d224nth7ac0evy.cloudfront.net/catalog/product/cache/ed9f5ebe2a117625f6cd6336daddd764/c/m/cm-pd-391_4_.jpg,M-AP-19-187451 -P,"PKR 1,497"
262,Black Formal Shirt CM-PD-389,https://d224nth7ac0evy.cloudfront.net/catalog/product/cache/ed9f5ebe2a117625f6cd6336daddd764/c/m/cm-pd-389_4_.jpg,M-AP-19-187435 -P,"PKR 1,497"
263,Grey Formal Shirt CM-YD-2374,https://d224nth7ac0evy.cloudfront.net/catalog/product/cache/ed9f5ebe2a117625f6cd6336daddd764/c/m/cm-yd-2374_4_.jpg,M-AP-19-187419 -P,"PKR 1,977"
264,Navy & Gold Formal Shirt CM-YD-2373,https://d224nth7ac0evy.cloudfront.net/catalog/product/cache/ed9f5ebe2a117625f6cd6336daddd764/c/m/cm-yd-2373_4_.jpg,M-AP-19-187411 -P,"PKR 1,977"
265,Black & Grey Formal Shirt CM-YD-2372,https://d224nth7ac0evy.cloudfront.net/catalog/product/cache/ed9f5ebe2a117625f6cd6336daddd764/c/m/cm-yd-2372_4_.jpg,M-AP-19-187403 -P,"PKR 1,977"
266,Navy & White Formal Shirt CM-YD-2365,https://d224nth7ac0evy.cloudfront.net/catalog/product/cache/ed9f5ebe2a117625f6cd6336daddd764/c/m/cm-yd-2365_4_.jpg,M-AP-19-180901 -P,"PKR 1,617"
267,Sky Blue Formal Shirt CM-YD-2363,https://d224nth7ac0evy.cloudfront.net/catalog/product/cache/ed9f5ebe2a117625f6cd6336daddd764/c/m/cm-yd-2363_4_.jpg,M-AP-19-180893 -P,"PKR 1,617"
268,Red & Sky Formal Shirt CM-YD-2357,https://d224nth7ac0evy.cloudfront.net/catalog/product/cache/ed9f5ebe2a117625f6cd6336daddd764/c/m/cm-yd-2357_4_.jpg,M-AP-19-180869 -P,"PKR 1,617"
269,Mauve & Navy Formal Shirt CM-YD-2355,https://d224nth7ac0evy.cloudfront.net/catalog/product/cache/ed9f5ebe2a117625f6cd6336daddd764/c/m/cm-yd-2355_4_.jpg,M-AP-19-180861 -P,"PKR 1,617"
270,Sky & Navy Formal Shirt CM-YD-2362,https://d224nth7ac0evy.cloudfront.net/catalog/product/cache/ed9f5ebe2a117625f6cd6336daddd764/c/m/cm-yd-2362_4_.jpg,M-AP-19-180742 -P,"PKR 1,617"
271,Sky & White Formal Shirt CM-YD-2359,https://d224nth7ac0evy.cloudfront.net/catalog/product/cache/ed9f5ebe2a117625f6cd6336daddd764/c/m/cm-yd-2359_4_.jpg,M-AP-19-180734 -P,"PKR 1,617"
272,Purple & Brown Formal Shirt CM-YD-2356,https://d224nth7ac0evy.cloudfront.net/catalog/product/cache/ed9f5ebe2a117625f6cd6336daddd764/c/m/cm-yd-2356_4_.jpg,M-AP-19-180726 -P,"PKR 1,617"
273,Sky & Pink Formal Shirt CM-YD-2354,https://d224nth7ac0evy.cloudfront.net/catalog/product/cache/ed9f5ebe2a117625f6cd6336daddd764/c/m/cm-yd-2354_4_.jpg,M-AP-19-180718 -P,"PKR 1,617"
274,Mauve & Navy Formal Shirt CM-YD-2353,https://d224nth7ac0evy.cloudfront.net/catalog/product/cache/ed9f5ebe2a117625f6cd6336daddd764/c/m/cm-yd-_2353_2_.jpg,M-AP-19-180710 -P,"PKR 1,617"
275,Mauve Formal Shirt CM-YD-2352,https://d224nth7ac0evy.cloudfront.net/catalog/product/cache/ed9f5ebe2a117625f6cd6336daddd764/c/m/cm-yd-2352_3_.jpg,M-AP-19-180702 -P,"PKR 1,617"
276,Sky & Pink Formal Shirt CM-YD-2349,https://d224nth7ac0evy.cloudfront.net/catalog/product/cache/ed9f5ebe2a117625f6cd6336daddd764/c/m/cm-yd-2349_4__1.jpg,M-AP-19-180686 -P,"PKR 1,617"
277,Black Urban Graphic T-Shirt JGP-URB-D132,https://d224nth7ac0evy.cloudfront.net/catalog/product/cache/ed9f5ebe2a117625f6cd6336daddd764/j/g/jgp-urb-d132_1__1.jpg,M-AP-19-188226 -P,PKR 717
278,Black Urban Graphic T-Shirt JGP-URB-D130,https://d224nth7ac0evy.cloudfront.net/catalog/product/cache/ed9f5ebe2a117625f6cd6336daddd764/j/g/jgp-urb-d130_4_.jpg,M-AP-19-188218 -P,PKR 717
279,Green Urban Graphic T-Shirt JGP-URB-D129,https://d224nth7ac0evy.cloudfront.net/catalog/product/cache/ed9f5ebe2a117625f6cd6336daddd764/j/g/jgp-urb-d129_5_.jpg,M-AP-19-188214 -P,PKR 717
280,Green Urban Garphic T-Shirt JGP-URB-D128,https://d224nth7ac0evy.cloudfront.net/catalog/product/cache/ed9f5ebe2a117625f6cd6336daddd764/j/g/jgp-urb-d128_5_.jpg,M-AP-19-188210 -P,PKR 717
281,Navy Urban Graphic T-Shirt JGP-URB-D127,https://d224nth7ac0evy.cloudfront.net/catalog/product/cache/ed9f5ebe2a117625f6cd6336daddd764/j/g/jgp-urb-d127_1_.jpg,M-AP-19-188206 -P,PKR 717
282,Mustard Urban Graphic T-Shirt JGP-URB-D126,https://d224nth7ac0evy.cloudfront.net/catalog/product/cache/ed9f5ebe2a117625f6cd6336daddd764/j/g/jgp-urb-d126_1_.jpg,M-AP-19-188202 -P,PKR 717
283,Charcoal Urban Polo PKP-URB-D40,https://d224nth7ac0evy.cloudfront.net/catalog/product/cache/ed9f5ebe2a117625f6cd6336daddd764/p/k/pkp-urb-d40_6_.jpg,M-AP-19-188190 -P,PKR 897
284,Navy Urban Polo PKP-URB-D43,https://d224nth7ac0evy.cloudfront.net/catalog/product/cache/ed9f5ebe2a117625f6cd6336daddd764/p/k/pkp-urb-d43_10_.jpg,M-AP-19-188186 -P,PKR 897
285,Blue Urban Polo PKP-URB-D42,https://d224nth7ac0evy.cloudfront.net/catalog/product/cache/ed9f5ebe2a117625f6cd6336daddd764/p/k/pkp-urb-d42_9_.jpg,M-AP-19-188182 -P,PKR 897
286,Black Urban Graphic T-Shirt JGP-URB-D151,https://d224nth7ac0evy.cloudfront.net/catalog/product/cache/ed9f5ebe2a117625f6cd6336daddd764/j/g/jgp-urb-d151_2_.jpg,M-AP-19-188178 -P,PKR 717
287,Navy Urban Graphic T-Shirt JGP-URB-D150,https://d224nth7ac0evy.cloudfront.net/catalog/product/cache/ed9f5ebe2a117625f6cd6336daddd764/j/g/jgp-urb-d150_3_.jpg,M-AP-19-188174 -P,PKR 717
288,Mustard Urban Graphic T-Shirt JGP-URB-D149,https://d224nth7ac0evy.cloudfront.net/catalog/product/cache/ed9f5ebe2a117625f6cd6336daddd764/j/g/jgp-urb-d149_3_.jpg,M-AP-19-188170 -P,PKR 717
289,Red Urban Graphic T-Shirt JGP-URB-D148,https://d224nth7ac0evy.cloudfront.net/catalog/product/cache/ed9f5ebe2a117625f6cd6336daddd764/j/g/jgp-urb-d148_1_.jpg,M-AP-19-188166 -P,PKR 717
290,Black Urban Graphic T-Shirt JGP-URB-D147,https://d224nth7ac0evy.cloudfront.net/catalog/product/cache/ed9f5ebe2a117625f6cd6336daddd764/j/g/jgp-urb-d147_2_.jpg,M-AP-19-188162 -P,PKR 717
291,Sapphire Urban Graphic T-Shirt JGP-URB-D146,https://d224nth7ac0evy.cloudfront.net/catalog/product/cache/ed9f5ebe2a117625f6cd6336daddd764/j/g/jgp-urb-d146_1_.jpg,M-AP-19-188158 -P,PKR 717
292,Navy Urban Graphic T-Shirt FS-JGP-URB-D13,https://d224nth7ac0evy.cloudfront.net/catalog/product/cache/ed9f5ebe2a117625f6cd6336daddd764/f/s/fs-jgp-urb-d13_2_.jpg,M-AP-19-188154 -P,PKR 717
293,White Urban Graphic T-Shirt FS-JGP-URB-D12,https://d224nth7ac0evy.cloudfront.net/catalog/product/cache/ed9f5ebe2a117625f6cd6336daddd764/f/s/fs-jgp-urb-d12_1_.jpg,M-AP-19-188150 -P,PKR 717
294,Ash Grey Urban Polo FS-PKP-URB-D03-02,https://d224nth7ac0evy.cloudfront.net/catalog/product/cache/ed9f5ebe2a117625f6cd6336daddd764/f/s/fs-pkp-urb-d03-02_3_.jpg,M-AP-19-188146 -P,PKR 897
295,Navy Urban Polo FS-PKP-URB-D03-01,https://d224nth7ac0evy.cloudfront.net/catalog/product/cache/ed9f5ebe2a117625f6cd6336daddd764/f/s/fs-pkp-urb-d03-01_3_.jpg,M-AP-19-188142 -P,PKR 897
296,White Urban Polo PKP-URB-D38,https://d224nth7ac0evy.cloudfront.net/catalog/product/cache/ed9f5ebe2a117625f6cd6336daddd764/p/k/pkp-urb-d38_4_.jpg,M-AP-19-188126 -P,PKR 897
297,Green Urban Polo PKP-URB-D35,https://d224nth7ac0evy.cloudfront.net/catalog/product/cache/ed9f5ebe2a117625f6cd6336daddd764/p/k/pkp-urb-d35_5_.jpg,M-AP-19-188122 -P,PKR 897
298,Navy Urban Polo PKP-URB-D34,https://d224nth7ac0evy.cloudfront.net/catalog/product/cache/ed9f5ebe2a117625f6cd6336daddd764/p/k/pkp-urb-d34_2_.jpg,M-AP-19-188118 -P,PKR 897
299,Navy Urban Graphic T-Shirt JGP-URB-D136,https://d224nth7ac0evy.cloudfront.net/catalog/product/cache/ed9f5ebe2a117625f6cd6336daddd764/j/g/jgp-urb-d136_3_.jpg,M-AP-19-188106 -P,PKR 717
300,Green Urban Graphic T-Shirt JGP-URB-D135,https://d224nth7ac0evy.cloudfront.net/catalog/product/cache/ed9f5ebe2a117625f6cd6336daddd764/j/g/jgp-urb-d135_2_.jpg,M-AP-19-188102 -P,PKR 717
301,Ash Grey Full Sleeve Fashion Sweater Gibson FS-SWT-IMP-FD-94-03,https://d224nth7ac0evy.cloudfront.net/catalog/product/cache/ed9f5ebe2a117625f6cd6336daddd764/f/s/fs-swt-imp-fd-94-03_2_.jpg,M-AP-19-171775 -P,"PKR 3,295"
302,Oatmeal Full Sleeve Fashion Sweater Gibson FS-SWT-IMP-FD-94-01,https://d224nth7ac0evy.cloudfront.net/catalog/product/cache/ed9f5ebe2a117625f6cd6336daddd764/f/s/fs-swt-imp-fd-94-01_1_.jpg,M-AP-19-171767 -P,"PKR 3,295"
303,Black Full Sleeve Fashion Sweater Forest FS-SWT-IMP-FD-86-01,https://d224nth7ac0evy.cloudfront.net/catalog/product/cache/ed9f5ebe2a117625f6cd6336daddd764/f/s/fs-swt-imp-fd-86-01_1_.jpg,M-AP-19-171723 -P,"PKR 3,295"
304,Grey Full Sleeve Fashion Sweater Grigio FS-SWT-IMP-FD-84-01,https://d224nth7ac0evy.cloudfront.net/catalog/product/cache/ed9f5ebe2a117625f6cd6336daddd764/f/s/fs-swt-imp-fd84-01_1_.jpg,M-AP-19-171711 -P,"PKR 3,295"
305,Blue Overcoat Jacket David JKT-IMP-OVC-D01-02,https://d224nth7ac0evy.cloudfront.net/catalog/product/cache/ed9f5ebe2a117625f6cd6336daddd764/j/k/jkt-imp-ovc-d01-02_1_.jpg,M-AP-19-171193 -P,"PKR 7,295"
306,Blue White Striped Casual Shirt CM-YD-2514  CS,https://d224nth7ac0evy.cloudfront.net/catalog/product/cache/ed9f5ebe2a117625f6cd6336daddd764/c/m/cm-yd-2514_cs_4_.jpg,M-AP-19-185257 -P,"PKR 1,497"
307,Navy Check Casual Shirt CM-YD-2513  CS,https://d224nth7ac0evy.cloudfront.net/catalog/product/cache/ed9f5ebe2a117625f6cd6336daddd764/c/m/cm-yd-2513_cs_4_.jpg,M-AP-19-185251 -P,"PKR 1,497"
308,Navy White Check Casual Shirt CM-YD-2503  CS,https://d224nth7ac0evy.cloudfront.net/catalog/product/cache/ed9f5ebe2a117625f6cd6336daddd764/c/m/cm-yd-2503_cs_4_.jpg,M-AP-19-185227 -P,"PKR 1,497"
309,Black Urban Polo FS-SJP-URB-D10,https://d224nth7ac0evy.cloudfront.net/catalog/product/cache/ed9f5ebe2a117625f6cd6336daddd764/f/s/fs-sjp-urb-d10_5_.jpg,M-AP-19-176752 -P,"PKR 1,497"
310,Navy Urban Polo FS-SJP-URB-D09,https://d224nth7ac0evy.cloudfront.net/catalog/product/cache/ed9f5ebe2a117625f6cd6336daddd764/f/s/fs-sjp-urb-d09_4_.jpg,M-AP-19-176748 -P,"PKR 1,497"
311,Navy Urban Polo FS-SJP-URB-D08,https://d224nth7ac0evy.cloudfront.net/catalog/product/cache/ed9f5ebe2a117625f6cd6336daddd764/f/s/fs-sjp-urb-d08_1_.jpg,M-AP-19-176744 -P,"PKR 1,497"
312,Charcoal Urban Polo FS-SJP-URB-D07,https://d224nth7ac0evy.cloudfront.net/catalog/product/cache/ed9f5ebe2a117625f6cd6336daddd764/f/s/fs-sjp-urb-d07_4_.jpg,M-AP-19-176740 -P,"PKR 1,497"
313,Silver Urban Polo FS-SJP-URB-D06,https://d224nth7ac0evy.cloudfront.net/catalog/product/cache/ed9f5ebe2a117625f6cd6336daddd764/f/s/fs-sjp-urb-d06_5_.jpg,M-AP-19-176736 -P,"PKR 1,497"
314,Green Hooded Zipper Jacket JKT-HZJ-D28-03,https://d224nth7ac0evy.cloudfront.net/catalog/product/cache/ed9f5ebe2a117625f6cd6336daddd764/j/k/jkt-hzj-d28-03_1_.jpg,M-AP-19-174831 -P,"PKR 3,495"
315,Navy Sweatshirt JKT-MSS-06-01,https://d224nth7ac0evy.cloudfront.net/catalog/product/cache/ed9f5ebe2a117625f6cd6336daddd764/j/k/jkt-mss-06-01_4_.jpg,M-AP-19-174815 -P,"PKR 2,295"
316,Navy Mock Neck Zipper Jacket JKT-MNZ-65-02,https://d224nth7ac0evy.cloudfront.net/catalog/product/cache/ed9f5ebe2a117625f6cd6336daddd764/j/k/jkt-mnz-65-02_4_.jpg,M-AP-19-174791 -P,"PKR 3,495"
317,Green Mock Neck Zipper Jacket JKT-MNZ-65-01,https://d224nth7ac0evy.cloudfront.net/catalog/product/cache/ed9f5ebe2a117625f6cd6336daddd764/j/k/jkt-mnz-65-01_1_.jpg,M-AP-19-174787 -P,"PKR 3,495"
318,Black Mock Neck Zipper Jacket JKT-MNZ-63-01,https://d224nth7ac0evy.cloudfront.net/catalog/product/cache/ed9f5ebe2a117625f6cd6336daddd764/j/k/jkt-mnz-63-01_4_.jpg,M-AP-19-174767 -P,"PKR 3,495"
319,Blue Mock Neck Zipper Jacket JKT-MNZ-62-02,https://d224nth7ac0evy.cloudfront.net/catalog/product/cache/ed9f5ebe2a117625f6cd6336daddd764/j/k/jkt-mnz-62-02_4_.jpg,M-AP-19-174759 -P,"PKR 3,495"
320,Mustard Fashion Sweater FS-SWT-FD-120-01,https://d224nth7ac0evy.cloudfront.net/catalog/product/cache/ed9f5ebe2a117625f6cd6336daddd764/f/s/fs-swt-fd-120-01_1_.jpg,M-AP-19-171639 -P,"PKR 2,895"
321,Grey & Brown Check Casual Shirt CM-YD-2515  CS,https://d224nth7ac0evy.cloudfront.net/catalog/product/cache/ed9f5ebe2a117625f6cd6336daddd764/c/m/cm-yd-2515-cs-_3_.jpg,M-AP-18-185263 -P,"PKR 1,497"
322,Blue & White Check Casual Shirt CM-YD-2502  CS,https://d224nth7ac0evy.cloudfront.net/catalog/product/cache/ed9f5ebe2a117625f6cd6336daddd764/c/m/cm-yd-2502-cs-_3__1.jpg,M-AP-18-184389 -P,"PKR 1,497"
323,Pink & White Casual Shirt CM-YD-2501  CS,https://d224nth7ac0evy.cloudfront.net/catalog/product/cache/ed9f5ebe2a117625f6cd6336daddd764/c/m/cm-yd-2501-cs-_3_.jpg,M-AP-18-184384 -P,"PKR 1,497"
324,Black & Green Check Casual Shirt CM-YD-2485  CS,https://d224nth7ac0evy.cloudfront.net/catalog/product/cache/ed9f5ebe2a117625f6cd6336daddd764/c/m/cm-yd-2485-cs-_3_.jpg,M-AP-18-184302 -P,"PKR 1,497"
325,Dark Brown Sweater FS-SWT-FD-121-01,https://d224nth7ac0evy.cloudfront.net/catalog/product/cache/ed9f5ebe2a117625f6cd6336daddd764/f/s/fs-swt-fd-121-01-_1_.jpg,M-AP-18-171647 -P,"PKR 3,095"
326,Olive Plain Kurta KP-1460,https://d224nth7ac0evy.cloudfront.net/catalog/product/cache/ed9f5ebe2a117625f6cd6336daddd764/k/p/kp-1460_10_.jpg,M-AP-18-181518 -P,"PKR 1,248"
327,Teal Plain Kurta KP-1457,https://d224nth7ac0evy.cloudfront.net/catalog/product/cache/ed9f5ebe2a117625f6cd6336daddd764/k/p/kp-1457_5_.jpg,M-AP-18-181503 -P,"PKR 1,248"
328,Sky Blue Plain Kurta KP-1453,https://d224nth7ac0evy.cloudfront.net/catalog/product/cache/ed9f5ebe2a117625f6cd6336daddd764/k/p/kp-1453_5_.jpg,M-AP-18-181483 -P,"PKR 1,248"
329,Green Plain Kurta KP-1448,https://d224nth7ac0evy.cloudfront.net/catalog/product/cache/ed9f5ebe2a117625f6cd6336daddd764/k/p/kp-1448_5_.jpg,M-AP-18-181458 -P,"PKR 1,248"
330,Khaki Plain Kurta KP-1447,https://d224nth7ac0evy.cloudfront.net/catalog/product/cache/ed9f5ebe2a117625f6cd6336daddd764/k/p/kp-1447_4__1.jpg,M-AP-18-181453 -P,"PKR 1,248"
331,Teal Plain Kurta KP-1446,https://d224nth7ac0evy.cloudfront.net/catalog/product/cache/ed9f5ebe2a117625f6cd6336daddd764/k/p/kp-1446_5_.jpg,M-AP-18-181448 -P,"PKR 1,248"
332,Green Plain Kurta KP-1445,https://d224nth7ac0evy.cloudfront.net/catalog/product/cache/ed9f5ebe2a117625f6cd6336daddd764/k/p/kp-1445_5_.jpg,M-AP-18-181443 -P,"PKR 1,248"
333,Grey Plain Kurta KP-1444,https://d224nth7ac0evy.cloudfront.net/catalog/product/cache/ed9f5ebe2a117625f6cd6336daddd764/k/p/kp-1444_5_.jpg,M-AP-18-181438 -P,"PKR 1,248"
334,Peach Plain Kurta KP-1442,https://d224nth7ac0evy.cloudfront.net/catalog/product/cache/ed9f5ebe2a117625f6cd6336daddd764/k/p/kp-1442_5_.jpg,M-AP-18-180521 -P,"PKR 1,248"
335,Yellow Plain Kurta KP-1441,https://d224nth7ac0evy.cloudfront.net/catalog/product/cache/ed9f5ebe2a117625f6cd6336daddd764/k/p/kp-1441_5__1.jpg,M-AP-18-180516 -P,"PKR 1,248"
336,Green Plain Kurta KP-1427,https://d224nth7ac0evy.cloudfront.net/catalog/product/cache/ed9f5ebe2a117625f6cd6336daddd764/k/p/kp-1427_5_.jpg,M-AP-18-180117 -P,"PKR 1,048"
337,Beige Plain Kurta KP-1436,https://d224nth7ac0evy.cloudfront.net/catalog/product/cache/ed9f5ebe2a117625f6cd6336daddd764/k/p/kp-1436_5__1.jpg,M-AP-18-180055 -P,"PKR 1,248"
338,Boulevard White Formal Shirt CM-PD-413,https://d224nth7ac0evy.cloudfront.net/catalog/product/cache/ed9f5ebe2a117625f6cd6336daddd764/c/m/cm-pd-413_2_.jpg,M-AP-18-187531 -P,"PKR 1,797"
339,Madison White Formal Shirt CM-PD-419,https://d224nth7ac0evy.cloudfront.net/catalog/product/cache/ed9f5ebe2a117625f6cd6336daddd764/c/m/cm-pd-419_5584766_1_.jpg,M-AP-18-187555 -P,"PKR 1,797"
340,Regent White Formal Shirt CM-PD-418,https://d224nth7ac0evy.cloudfront.net/catalog/product/cache/ed9f5ebe2a117625f6cd6336daddd764/c/m/cm-pd-418_abc.jpg,M-AP-18-187551 -P,"PKR 1,797"
341,Tempus White Formal Shirt CM-PD-416,https://d224nth7ac0evy.cloudfront.net/catalog/product/cache/ed9f5ebe2a117625f6cd6336daddd764/c/m/cm-pd-416_1.jpg,M-AP-18-187543 -P,"PKR 1,797"
342,Oxford White Formal Shirt CM-PD-415,https://d224nth7ac0evy.cloudfront.net/catalog/product/cache/ed9f5ebe2a117625f6cd6336daddd764/c/m/cm-pd-415_abc.jpg,M-AP-18-187539 -P,"PKR 1,797"
343,Luxemburg White Formal Shirt CM-PD-412,https://d224nth7ac0evy.cloudfront.net/catalog/product/cache/ed9f5ebe2a117625f6cd6336daddd764/c/m/cm-pd-412.jpg,M-AP-18-187527 -P,"PKR 1,797"
344,Carnaby White Formal Shirt CM-PD-411,https://d224nth7ac0evy.cloudfront.net/catalog/product/cache/ed9f5ebe2a117625f6cd6336daddd764/c/m/cm-pd-411_2.jpg,M-AP-18-187523 -P,"PKR 1,797"
345,Lexington White Formal Shirt CM-PD-410,https://d224nth7ac0evy.cloudfront.net/catalog/product/cache/ed9f5ebe2a117625f6cd6336daddd764/c/m/cm-pd-410_abc.jpg,M-AP-18-187519 -P,"PKR 1,797"
346,Steinway White Formal Shirt CM-PD-409,https://d224nth7ac0evy.cloudfront.net/catalog/product/cache/ed9f5ebe2a117625f6cd6336daddd764/c/m/cm-pd-409_1.jpg,M-AP-18-187515 -P,"PKR 1,797"
347,Navy Mock Neck Zipper Jacket JKT-IMP-MNZ-D55-01,https://d224nth7ac0evy.cloudfront.net/catalog/product/cache/ed9f5ebe2a117625f6cd6336daddd764/j/k/jkt-imp-mnz-d55-01_3_.jpg,M-AP-18-171145 -P,"PKR 3,995"
348,Green Mock Neck Zipper Jacket JKT-IMP-MNZ-D55-02,https://d224nth7ac0evy.cloudfront.net/catalog/product/cache/ed9f5ebe2a117625f6cd6336daddd764/j/k/jkt-imp-mnz-d55-02_2_.jpg,M-AP-18-171149 -P,"PKR 3,995"
349,Black Mock Neck Zipper Vest JKT-IMP-MNV-D13-01,https://d224nth7ac0evy.cloudfront.net/catalog/product/cache/ed9f5ebe2a117625f6cd6336daddd764/j/k/jkt-imp-mnv-d13-01_2_.jpg,M-AP-18-171197 -P,"PKR 4,495"
350,Mehndi Gul 900 (Murcury)-GW,https://d224nth7ac0evy.cloudfront.net/catalog/product/cache/ed9f5ebe2a117625f6cd6336daddd764/1/4/149202.jpg,Men-Fabric-149202,"PKR 1,859"
351,Dark Mehndi Gul 900 (Murcury)-GW,https://d224nth7ac0evy.cloudfront.net/catalog/product/cache/ed9f5ebe2a117625f6cd6336daddd764/1/4/149196.jpg,Men-Fabric-149196,"PKR 1,859"
352,Dark Blue Gul 900 (Gulfino)-GS-14,https://d224nth7ac0evy.cloudfront.net/catalog/product/cache/ed9f5ebe2a117625f6cd6336daddd764/1/4/149537.jpg,Men-Fabric-149537,"PKR 1,701"
353,Off White Shalwar Kameez SKP-644-01,https://d224nth7ac0evy.cloudfront.net/catalog/product/cache/ed9f5ebe2a117625f6cd6336daddd764/1/8/180227_1_.jpg,M-AP-18-180227 -P,"PKR 2,697"
354,Fawn Plain Kurta KS-644 Truck Dee,https://d224nth7ac0evy.cloudfront.net/catalog/product/cache/ed9f5ebe2a117625f6cd6336daddd764/1/7/174937_2_.jpg,M-AP-18-174937 -P,"PKR 1,498"
355,Khaki Plain Kurta KS-643 Truck Dee,https://d224nth7ac0evy.cloudfront.net/catalog/product/cache/ed9f5ebe2a117625f6cd6336daddd764/1/7/174932_3_.jpg,M-AP-18-174932 -P,"PKR 1,498"
356,Blue Casual Shirt CM-YD-2475  CS,https://d224nth7ac0evy.cloudfront.net/catalog/product/cache/ed9f5ebe2a117625f6cd6336daddd764/c/m/cm-yd-2475_cs_back.jpg,M-AP-18-179880 -P,"PKR 1,497"
357,Green Linen Casual Shirt CM-YD-2471  CS,https://d224nth7ac0evy.cloudfront.net/catalog/product/cache/ed9f5ebe2a117625f6cd6336daddd764/c/m/cm-yd-2471_cs_back.jpg,M-AP-18-179856 -P,"PKR 1,617"
358,Multi Check Casual Shirt CM-YD-2469  CS,https://d224nth7ac0evy.cloudfront.net/catalog/product/cache/ed9f5ebe2a117625f6cd6336daddd764/c/m/cm-yd-2469_cs_back.jpg,M-AP-18-178772 -P,"PKR 1,497"
359,Blue Casual Shirt CM-YD-2458  CS,https://d224nth7ac0evy.cloudfront.net/catalog/product/cache/ed9f5ebe2a117625f6cd6336daddd764/c/m/cm-yd-2458_cs_back.jpg,M-AP-18-178717 -P,"PKR 1,497"
360,Orange Urban Polo FS-SJP-URB-D04,https://d224nth7ac0evy.cloudfront.net/catalog/product/cache/ed9f5ebe2a117625f6cd6336daddd764/f/s/fs-sjp-urb-d04_back.jpg,M-AP-18-176732 -P,"PKR 1,077"
361,Navy Urban Polo FS-SJP-URB-D02,https://d224nth7ac0evy.cloudfront.net/catalog/product/cache/ed9f5ebe2a117625f6cd6336daddd764/f/s/fs-sjp-urb-d02_back.jpg,M-AP-18-176724 -P,"PKR 1,077"
362,Indigo Hooded Zipper Jacket JKT-HZJ-D27-02,https://d224nth7ac0evy.cloudfront.net/catalog/product/cache/ed9f5ebe2a117625f6cd6336daddd764/j/k/jkt-hzj-d27-02_back.jpg,M-AP-18-174863 -P,"PKR 3,095"
363,Sky Blue Casual Shirt CM-YD-2474  CS,https://d224nth7ac0evy.cloudfront.net/catalog/product/cache/ed9f5ebe2a117625f6cd6336daddd764/c/m/cm-yd-2474_cs_back.jpg,M-AP-18-179874 -P,"PKR 1,497"
364,Red Navy Check Casual Shirt CM-YD-2199  CS,https://d224nth7ac0evy.cloudfront.net/catalog/product/cache/ed9f5ebe2a117625f6cd6336daddd764/c/m/cm-yd-2199_back.jpg,M-AP-18-178784 -P,"PKR 1,497"
365,Grey Casual Shirt CM-YD-2456  CS,https://d224nth7ac0evy.cloudfront.net/catalog/product/cache/ed9f5ebe2a117625f6cd6336daddd764/c/m/cm-yd-2456_cs_back.jpg,M-AP-18-178707 -P,"PKR 1,497"
366,Navy & White Casual Shirt CM-YD-2315 CS,https://d224nth7ac0evy.cloudfront.net/catalog/product/cache/ed9f5ebe2a117625f6cd6336daddd764/c/m/cm-yd-2315_back.jpg,M-AP-18-175060 -P,"PKR 1,497"
367,Black Sweatshirt JKT-MSS-06-02,https://d224nth7ac0evy.cloudfront.net/catalog/product/cache/ed9f5ebe2a117625f6cd6336daddd764/j/k/jkt-mss-06-02_close.jpg,M-AP-18-174819 -P,"PKR 2,295"
368,Grey Sweatshirt JKT-MSS-07-01,https://d224nth7ac0evy.cloudfront.net/catalog/product/cache/ed9f5ebe2a117625f6cd6336daddd764/j/k/jkt-mss-07-01_2_.jpg,M-AP-18-177039 -P,"PKR 2,495"
369,Grey Sweater FS-SWT-FD-107-01,https://d224nth7ac0evy.cloudfront.net/catalog/product/cache/ed9f5ebe2a117625f6cd6336daddd764/f/s/fs-swt-fd-107_side.jpg,M-AP-18-171575 -P,"PKR 2,895"
370,Brown Plain Kurta KS-574,https://d224nth7ac0evy.cloudfront.net/catalog/product/cache/ed9f5ebe2a117625f6cd6336daddd764/k/s/ks-574_back.jpg,M-AP-18-179506 -P,"PKR 1,248"
371,Blue Sweater FS-SWT-FD-101-01,https://d224nth7ac0evy.cloudfront.net/catalog/product/cache/ed9f5ebe2a117625f6cd6336daddd764/f/s/fs-swt-fd-101-side.jpg,M-AP-18-171547 -P,"PKR 2,895"
372,Navy Sweater FS-SWT-FD-100-01,https://d224nth7ac0evy.cloudfront.net/catalog/product/cache/ed9f5ebe2a117625f6cd6336daddd764/f/s/fs-swt-fd-100.jpg,M-AP-18-171543 -P,"PKR 2,895"
373,Black Fashion Sweater FS-SWT-FD-98-01,,M-AP-18-171531 -P,"PKR 3,095"
374,Green Fashion Sweater FS-SWT-FD-96-01,https://d224nth7ac0evy.cloudfront.net/catalog/product/cache/ed9f5ebe2a117625f6cd6336daddd764/f/s/fs-swt-fd-96-side.jpg,M-AP-18-171523 -P,"PKR 3,095"
375,Blue Urban Graphic JGP-URB-D107,https://d224nth7ac0evy.cloudfront.net/catalog/product/cache/ed9f5ebe2a117625f6cd6336daddd764/j/g/jgp-urb-d107_back.jpg,M-AP-18-176716 -P,PKR 717
376,Light Green Crew Neck Sweater FS-SWT-D24-05,https://d224nth7ac0evy.cloudfront.net/catalog/product/cache/ed9f5ebe2a117625f6cd6336daddd764/f/s/fs-swt-d24-05_side.jpg,M-AP-18-171515 -P,"PKR 2,695"
377,Dark Brown S.O LATHA,https://d224nth7ac0evy.cloudfront.net/catalog/product/cache/ed9f5ebe2a117625f6cd6336daddd764/s/_/s.o_latha_15639.jpg,Men-Fabric-15639,"PKR 1,666"
378,Light Purple S.O LATHA,https://d224nth7ac0evy.cloudfront.net/catalog/product/cache/ed9f5ebe2a117625f6cd6336daddd764/1/5/15636.jpg,Men-Fabric-15636,"PKR 1,666"
379,Light Grey S.O LATHA,https://d224nth7ac0evy.cloudfront.net/catalog/product/cache/ed9f5ebe2a117625f6cd6336daddd764/7/5/7594.jpg,Men-Fabric-7594,"PKR 1,666"
380,Dark Mehndi PLATINUM LATHA,https://d224nth7ac0evy.cloudfront.net/catalog/product/cache/ed9f5ebe2a117625f6cd6336daddd764/1/7/173614.jpg,Men-Fabric-173614,"PKR 1,617"
381,Brown PLATINUM LATHA,https://d224nth7ac0evy.cloudfront.net/catalog/product/cache/ed9f5ebe2a117625f6cd6336daddd764/4/5/45714.jpg,Men-Fabric-45714,"PKR 1,617"
382,Dark Grey PLATINUM LATHA,https://d224nth7ac0evy.cloudfront.net/catalog/product/cache/ed9f5ebe2a117625f6cd6336daddd764/p/l/platinum_latha_1.jpg,Men-Fabric-45700,"PKR 1,617"
383,Brown Opus (Lalazaar)-GS,https://d224nth7ac0evy.cloudfront.net/catalog/product/cache/ed9f5ebe2a117625f6cd6336daddd764/1/7/173682.jpg,Men-Fabric-173682,"PKR 1,827"
384,Aqua MEGA SUPER O/S,https://d224nth7ac0evy.cloudfront.net/catalog/product/cache/ed9f5ebe2a117625f6cd6336daddd764/1/0/100813.jpg,Men-Fabric-100813,"PKR 1,355"
385,Light Brown MAX KOOL,https://d224nth7ac0evy.cloudfront.net/catalog/product/cache/ed9f5ebe2a117625f6cd6336daddd764/1/7/173622.jpg,Men-Fabric-173622,"PKR 1,547"
386,Mehandi KARANDI (SILK)-MMU,https://d224nth7ac0evy.cloudfront.net/catalog/product/cache/ed9f5ebe2a117625f6cd6336daddd764/1/7/176403.jpg,Men-Fabric-176403,"PKR 2,744"
387,Beige KARANDI (SILK)-MMU,https://d224nth7ac0evy.cloudfront.net/catalog/product/cache/ed9f5ebe2a117625f6cd6336daddd764/1/7/176395.jpg,Men-Fabric-176395,"PKR 2,744"
388,Grey KARANDI (SILK)-MMU,https://d224nth7ac0evy.cloudfront.net/catalog/product/cache/ed9f5ebe2a117625f6cd6336daddd764/1/7/176394.jpg,Men-Fabric-176394,"PKR 2,744"
389,Dark Green KARANDI (SILK)-MMU,https://d224nth7ac0evy.cloudfront.net/catalog/product/cache/ed9f5ebe2a117625f6cd6336daddd764/1/7/176392.jpg,Men-Fabric-176392,"PKR 2,744"
390,Ferozi KARANDI (SILK)-MMU,https://d224nth7ac0evy.cloudfront.net/catalog/product/cache/ed9f5ebe2a117625f6cd6336daddd764/1/7/176391.jpg,Men-Fabric-176391,"PKR 2,744"
391,Blue Fancy Woven (PK#03),https://d224nth7ac0evy.cloudfront.net/catalog/product/cache/ed9f5ebe2a117625f6cd6336daddd764/1/7/173641.jpg,Men-Fabric-173641,"PKR 1,166"
392,Grape Fancy Woven (PK#02),https://d224nth7ac0evy.cloudfront.net/catalog/product/cache/ed9f5ebe2a117625f6cd6336daddd764/1/7/173633.jpg,Men-Fabric-173633,"PKR 1,166"
393,Khaki Fancy Woven (PK#02),https://d224nth7ac0evy.cloudfront.net/catalog/product/cache/ed9f5ebe2a117625f6cd6336daddd764/1/7/173628.jpg,Men-Fabric-173628,"PKR 1,166"
394,Blue Fancy Woven (PK#02),https://d224nth7ac0evy.cloudfront.net/catalog/product/cache/ed9f5ebe2a117625f6cd6336daddd764/1/7/173627.jpg,Men-Fabric-173627,"PKR 1,166"
395,Dark Grey DENIM CLUB-F,https://d224nth7ac0evy.cloudfront.net/catalog/product/cache/ed9f5ebe2a117625f6cd6336daddd764/d/_/d._grey_163083.jpg,Men-Fabric-163083,"PKR 1,176"
396,"Green CAPRI LATHA 36""",https://d224nth7ac0evy.cloudfront.net/catalog/product/cache/ed9f5ebe2a117625f6cd6336daddd764/1/2/129412.jpg,Men-Fabric-129412,"PKR 1,568"
397,"Mehandi CAPRI LATHA 36""",https://d224nth7ac0evy.cloudfront.net/catalog/product/cache/ed9f5ebe2a117625f6cd6336daddd764/9/1/91210.jpg,Men-Fabric-91210,"PKR 1,568"
398,"Navy Blue CAPRI LATHA 36""",https://d224nth7ac0evy.cloudfront.net/catalog/product/cache/ed9f5ebe2a117625f6cd6336daddd764/9/1/91207.jpg,Men-Fabric-91207,"PKR 1,568"
399,Rust Capri Latha,https://d224nth7ac0evy.cloudfront.net/catalog/product/cache/ed9f5ebe2a117625f6cd6336daddd764/1/6/164299.jpg,Men-Fabric-164299,"PKR 1,568"
400,Cream Bosky-KS,https://d224nth7ac0evy.cloudfront.net/catalog/product/cache/ed9f5ebe2a117625f6cd6336daddd764/b/o/bosky_ks_176404.jpg,Men-Fabric-176404,"PKR 6,419"
401,Green Fashion Sweater FS-SWT-FD57,https://d224nth7ac0evy.cloudfront.net/catalog/product/cache/ed9f5ebe2a117625f6cd6336daddd764/1/4/146241.jpg,M-AP-17-146240 -P,"PKR 2,900"
402,Rust Basic V-Neck Sweater FS-SWT-D16-3,https://d224nth7ac0evy.cloudfront.net/catalog/product/cache/ed9f5ebe2a117625f6cd6336daddd764/1/4/144167.jpg,M-AP-17-144166 -P,"PKR 2,500"
403,Maroon Sweat Shirt JKT-MSS-02-2,https://d224nth7ac0evy.cloudfront.net/catalog/product/cache/ed9f5ebe2a117625f6cd6336daddd764/1/2/126070.jpg,M-AP-16-126069 -P,"PKR 1,868"
404,White Urban Polo PKP-URB-D20-MB,https://d224nth7ac0evy.cloudfront.net/catalog/product/cache/ed9f5ebe2a117625f6cd6336daddd764/p/k/pkp-urb-d20-mb_side.jpg,M-AP-18-171371 -P,PKR 837
405,Blue Fashion Kurta KS-631,https://d224nth7ac0evy.cloudfront.net/catalog/product/cache/ed9f5ebe2a117625f6cd6336daddd764/k/s/ks-631_front.jpg,M-AP-18-173550 -P,"PKR 1,748"
406,Sky & White Casual Shirt CM-YD-2132,https://d224nth7ac0evy.cloudfront.net/catalog/product/cache/ed9f5ebe2a117625f6cd6336daddd764/c/m/cm-yd-2132_side.jpg,M-AP-18-156483 -P,"PKR 1,497"
407,Off White PARADO,https://d224nth7ac0evy.cloudfront.net/catalog/product/cache/ed9f5ebe2a117625f6cd6336daddd764/1/2/123894.jpg,Men-Fabric-123894,"PKR 1,701"
408,Dark Grey MAX KOOL,https://d224nth7ac0evy.cloudfront.net/catalog/product/cache/ed9f5ebe2a117625f6cd6336daddd764/1/7/173623.jpg,Men-Fabric-173623,"PKR 1,547"
409,Purple MAX KOOL,https://d224nth7ac0evy.cloudfront.net/catalog/product/cache/ed9f5ebe2a117625f6cd6336daddd764/1/7/173621.jpg,Men-Fabric-173621,"PKR 1,547"
410,Mehndi MAX KOOL,https://d224nth7ac0evy.cloudfront.net/catalog/product/cache/ed9f5ebe2a117625f6cd6336daddd764/1/5/15245.jpg,Men-Fabric-15245,"PKR 1,547"
411,Green Fancy Woven (PK-05),https://d224nth7ac0evy.cloudfront.net/catalog/product/cache/ed9f5ebe2a117625f6cd6336daddd764/1/7/173971.jpg,Men-Fabric-173971,"PKR 1,166"
412,Ash Grey Opus (Mocado)-GS,https://d224nth7ac0evy.cloudfront.net/catalog/product/cache/ed9f5ebe2a117625f6cd6336daddd764/1/7/173970.jpg,Men-Fabric-173970,"PKR 1,827"
413,Royal Blue Opus (Mocado)-GS,https://d224nth7ac0evy.cloudfront.net/catalog/product/cache/ed9f5ebe2a117625f6cd6336daddd764/1/7/173966.jpg,Men-Fabric-173966,"PKR 1,827"
414,Blue Aviator Pant Basic AVTB-022,https://d224nth7ac0evy.cloudfront.net/catalog/product/cache/ed9f5ebe2a117625f6cd6336daddd764/a/v/avtb-022_side.jpg,M-AP-18-PNT-18-166491 -P,"PKR 1,348"
415,Sandy Aviator Pant Basic AVTB-019,https://d224nth7ac0evy.cloudfront.net/catalog/product/cache/ed9f5ebe2a117625f6cd6336daddd764/a/v/avtb-019_side.jpg,M-AP-18-PNT-18-166461 -P,"PKR 1,348"
416,Beige Aviator Pant Fashion AVTF-018,https://d224nth7ac0evy.cloudfront.net/catalog/product/cache/ed9f5ebe2a117625f6cd6336daddd764/a/v/avtb-018_side.jpg,M-AP-18-PNT-18-166242 -P,"PKR 1,348"
417,White Urban Polo SJP-URB-D38-02,https://d224nth7ac0evy.cloudfront.net/catalog/product/cache/ed9f5ebe2a117625f6cd6336daddd764/s/j/sjp-urb-d38-02_side_1_.jpg,M-AP-18-P-18-172113 -P,PKR 957
418,White Urban Graphic T-Shirt JGP-URB-D94,https://d224nth7ac0evy.cloudfront.net/catalog/product/cache/ed9f5ebe2a117625f6cd6336daddd764/j/g/jgp-urb-d94_front2.jpg,M-AP-18-TS-18-172097 -P,PKR 717
419,Black Urban Graphic T-Shirt JGP-URB-D93,https://d224nth7ac0evy.cloudfront.net/catalog/product/cache/ed9f5ebe2a117625f6cd6336daddd764/j/g/jgp-urb-d93_side.jpg,M-AP-18-TS-18-172093 -P,PKR 717
420,White Urban Graphic T-Shirt JGP-URB-D85,https://d224nth7ac0evy.cloudfront.net/catalog/product/cache/ed9f5ebe2a117625f6cd6336daddd764/1/7/171254.jpg,M-AP-18-TS-18-171253 -P,PKR 717
421,White Urban Graphic T-Shirt JGP-URB-D84,https://d224nth7ac0evy.cloudfront.net/catalog/product/cache/ed9f5ebe2a117625f6cd6336daddd764/1/7/171250.jpg,M-AP-18-TS-18-171249 -P,PKR 717
422,White Urban Graphic T-Shirt JGP-URB-D83,https://d224nth7ac0evy.cloudfront.net/catalog/product/cache/ed9f5ebe2a117625f6cd6336daddd764/1/7/171246.jpg,M-AP-18-TS-18-171245 -P,PKR 717
423,White Urban Graphic T-Shirt JGP-URB-D82,https://d224nth7ac0evy.cloudfront.net/catalog/product/cache/ed9f5ebe2a117625f6cd6336daddd764/1/7/171242.jpg,M-AP-18-TS-18-171241 -P,PKR 717
424,Blue Urban Graphic T-Shirt JGP-URB-D80,https://d224nth7ac0evy.cloudfront.net/catalog/product/cache/ed9f5ebe2a117625f6cd6336daddd764/1/7/171234..jpg,M-AP-18-TS-18-171233 -P,PKR 717
425,Blue Urban Graphic T-Shirt JGP-URB-D75,https://d224nth7ac0evy.cloudfront.net/catalog/product/cache/ed9f5ebe2a117625f6cd6336daddd764/1/7/171214.jpg,M-AP-18-TS-18-171213 -P,PKR 717
426,Blue Urban Graphic T-Shirt JGP-URB-D66,https://d224nth7ac0evy.cloudfront.net/catalog/product/cache/ed9f5ebe2a117625f6cd6336daddd764/1/6/165306.jpg,M-AP-18-TS-18-165305 -P,PKR 597
427,White Urban Graphic T-Shirt JGP-URB-D65,https://d224nth7ac0evy.cloudfront.net/catalog/product/cache/ed9f5ebe2a117625f6cd6336daddd764/1/6/165302.jpg,M-AP-18-TS-18-165301 -P,PKR 597
428,Navy Urban Graphic T-Shirt JGP-URB-D73,https://d224nth7ac0evy.cloudfront.net/catalog/product/cache/ed9f5ebe2a117625f6cd6336daddd764/1/6/165294.jpg,M-AP-18-TS-18-165293 -P,PKR 597
429,Beige Unstitched Fabric Suit Max Kool,https://d224nth7ac0evy.cloudfront.net/catalog/product/cache/ed9f5ebe2a117625f6cd6336daddd764/1/3/13874.jpg,Men-Fabric-13874,"PKR 1,547"
430,Off White Unstitched Fabric Suit Max Kool,https://d224nth7ac0evy.cloudfront.net/catalog/product/cache/ed9f5ebe2a117625f6cd6336daddd764/1/5/15242.jpg,Men-Fabric-15242,"PKR 1,547"
431,Sky White Black Gold Formal Shirt CM-YD-2302,https://d224nth7ac0evy.cloudfront.net/catalog/product/cache/ed9f5ebe2a117625f6cd6336daddd764/c/m/cm-yd-2302.jpg,M-AP-18-FS-18-164724 -P,"PKR 2,097"
432,Purple Blue Black Gold Formal Shirt CM-YD-2300,https://d224nth7ac0evy.cloudfront.net/catalog/product/cache/ed9f5ebe2a117625f6cd6336daddd764/c/m/cm-yd-2300.jpg,M-AP-18-FS-18-164712 -P,"PKR 2,097"
433,Navy Gold Black Gold Formal Shirt CM-YD-2299,https://d224nth7ac0evy.cloudfront.net/catalog/product/cache/ed9f5ebe2a117625f6cd6336daddd764/c/m/cm-yd-2299.jpg,M-AP-18-FS-18-164706 -P,"PKR 2,097"
434,Fawn Kurta Styling KS-579,https://d224nth7ac0evy.cloudfront.net/catalog/product/cache/ed9f5ebe2a117625f6cd6336daddd764/k/s/ks-579_fawn_01.jpg,M-AP-18-K-18-168903 -P,"PKR 1,398"
435,Sky Slim Fit Casual Shirt CM-YD-2208,https://d224nth7ac0evy.cloudfront.net/catalog/product/cache/ed9f5ebe2a117625f6cd6336daddd764/c/m/cm-yd-2208-.jpg,M-AP-18-CS-18-161029 -P,"PKR 1,497"
436,Black Grey Casual Shirt CM-YD-2112,https://d224nth7ac0evy.cloudfront.net/catalog/product/cache/ed9f5ebe2a117625f6cd6336daddd764/d/s/dsc_1363.jpg,M-AP-18-CS-18-153107 -P,"PKR 1,710"
437,Black Casual Shirt CM-YD-2111,https://d224nth7ac0evy.cloudfront.net/catalog/product/cache/ed9f5ebe2a117625f6cd6336daddd764/d/s/dsc_1525.jpg,M-AP-18-CS-18-153102 -P,"PKR 1,710"
438,Stone Blue Casual Shirt CM-YD-2119,https://d224nth7ac0evy.cloudfront.net/catalog/product/cache/ed9f5ebe2a117625f6cd6336daddd764/d/s/dsc_1458.jpg,M-AP-18-CS-18-148849 -P,"PKR 1,590"
439,White Black Casual Shirt CM-YD-2118,https://d224nth7ac0evy.cloudfront.net/catalog/product/cache/ed9f5ebe2a117625f6cd6336daddd764/d/s/dsc_1300.jpg,M-AP-18-CS-18-148844 -P,"PKR 1,590"
440,Aqua Unstitched Fabric Suit Gul Trendy-JAC,https://d224nth7ac0evy.cloudfront.net/catalog/product/cache/ed9f5ebe2a117625f6cd6336daddd764/1/7/171862.jpg,Men-Fabric-171862,"PKR 1,575"
441,Navy Unstitched Fabric Suit Gul Trendy-JAC,https://d224nth7ac0evy.cloudfront.net/catalog/product/cache/ed9f5ebe2a117625f6cd6336daddd764/1/7/171861.jpg,Men-Fabric-171861,"PKR 1,575"
442,Grey Unstitched Fabric Suit Gul Trendy-JAC,https://d224nth7ac0evy.cloudfront.net/catalog/product/cache/ed9f5ebe2a117625f6cd6336daddd764/1/7/171860.jpg,Men-Fabric-171860,"PKR 1,575"
443,Khaki Unstitched Fabric Suit Gul Trendy-JAC,https://d224nth7ac0evy.cloudfront.net/catalog/product/cache/ed9f5ebe2a117625f6cd6336daddd764/1/7/171859.jpg,Men-Fabric-171859,"PKR 1,575"
444,Off White Unstitched Fabric Suit Gul Trendy-JAC,https://d224nth7ac0evy.cloudfront.net/catalog/product/cache/ed9f5ebe2a117625f6cd6336daddd764/1/7/171857.jpg,Men-Fabric-171857,"PKR 1,575"
445,Navy Unstitched Fabric Suit Red Gold-JAP,https://d224nth7ac0evy.cloudfront.net/catalog/product/cache/ed9f5ebe2a117625f6cd6336daddd764/1/7/171850.jpg,Men-Fabric-171850,"PKR 1,701"
446,Grey Unstitched Fabric Suit Red Gold-JAP,https://d224nth7ac0evy.cloudfront.net/catalog/product/cache/ed9f5ebe2a117625f6cd6336daddd764/1/7/171847.jpg,Men-Fabric-171847,"PKR 1,701"
447,Light Grape Unstitched Fabric Suit Red Gold-JAP,https://d224nth7ac0evy.cloudfront.net/catalog/product/cache/ed9f5ebe2a117625f6cd6336daddd764/1/7/171846.jpg,Men-Fabric-171846,"PKR 1,701"
448,Light Blue Unstitched Fabric Suit Red Gold-JAP,https://d224nth7ac0evy.cloudfront.net/catalog/product/cache/ed9f5ebe2a117625f6cd6336daddd764/1/7/171845.jpg,Men-Fabric-171845,"PKR 1,701"
449,Off White Unstitched Fabric Suit Red Gold-JAP,https://d224nth7ac0evy.cloudfront.net/catalog/product/cache/ed9f5ebe2a117625f6cd6336daddd764/1/7/171843.jpg,Men-Fabric-171843,"PKR 1,701"
450,Dark Brown Unstitched Fabric Suit Cool Breeze (Ultra Soft Finish),https://d224nth7ac0evy.cloudfront.net/catalog/product/cache/ed9f5ebe2a117625f6cd6336daddd764/1/0/102804_copy.jpg,Men-Fabric-102804,"PKR 1,512"
451,Dark Grey Unstitched Fabric Suit Cool Breeze (Ultra Soft Finish),https://d224nth7ac0evy.cloudfront.net/catalog/product/cache/ed9f5ebe2a117625f6cd6336daddd764/1/0/102802_copy.jpg,Men-Fabric-102802,"PKR 1,512"
452,Green Unstitched Fabric Suit DYED POPLIN,https://d224nth7ac0evy.cloudfront.net/catalog/product/cache/ed9f5ebe2a117625f6cd6336daddd764/1/1/117305.jpg,Men-Fabric-117305,"PKR 2,100"
453,Peach Unstitched Fabric Suit DYED POPLIN,https://d224nth7ac0evy.cloudfront.net/catalog/product/cache/ed9f5ebe2a117625f6cd6336daddd764/1/5/15705.jpg,Men-Fabric-15705,"PKR 2,100"
454,Beige Unstitched Fabric Suit DYED POPLIN,https://d224nth7ac0evy.cloudfront.net/catalog/product/cache/ed9f5ebe2a117625f6cd6336daddd764/1/3/13540.jpg,Men-Fabric-13540,"PKR 2,100"
455,Caramel Unstitched Fabric Suit DYED POPLIN,https://d224nth7ac0evy.cloudfront.net/catalog/product/cache/ed9f5ebe2a117625f6cd6336daddd764/1/3/13534.jpg,Men-Fabric-13534,"PKR 2,100"
456,Grey Unstitched Fabric Suit DYED POPLIN,https://d224nth7ac0evy.cloudfront.net/catalog/product/cache/ed9f5ebe2a117625f6cd6336daddd764/1/3/13528.jpg,Men-Fabric-13528,"PKR 2,100"
457,Light Green Unstitched Fabric Suit DYED POPLIN,https://d224nth7ac0evy.cloudfront.net/catalog/product/cache/ed9f5ebe2a117625f6cd6336daddd764/7/6/7621.jpg,Men-Fabric-7621,"PKR 2,100"
458,Sky Blue Unstitched Fabric Suit DYED POPLIN,https://d224nth7ac0evy.cloudfront.net/catalog/product/cache/ed9f5ebe2a117625f6cd6336daddd764/7/6/7618.jpg,Men-Fabric-7618,"PKR 2,100"
459,Sea Blue Unstitched Fabric Shirt Denim Club-F,https://d224nth7ac0evy.cloudfront.net/catalog/product/cache/ed9f5ebe2a117625f6cd6336daddd764/1/6/163080.jpg,Men-Fabric-163080,"PKR 1,176"
460,Sea Blue Unstitched Fabric Suit Royal 100 by 2,https://d224nth7ac0evy.cloudfront.net/catalog/product/cache/ed9f5ebe2a117625f6cd6336daddd764/1/6/166122.jpg,Men-Fabric-166122,"PKR 3,308"
461,Maroon Unstitched Fabric Suit Primo-JA,https://d224nth7ac0evy.cloudfront.net/catalog/product/cache/ed9f5ebe2a117625f6cd6336daddd764/1/6/165177.jpg,Men-Fabric-165177,"PKR 2,035"
462,"Off White Unstitched Fabric Suit ""SUPER SOFT 56"""" QC""",https://d224nth7ac0evy.cloudfront.net/catalog/product/cache/ed9f5ebe2a117625f6cd6336daddd764/1/7/170098.jpg,Men-Fabric-170098,"PKR 2,898"
463,"Navy Blue Unstitched Fabric Suit ""SUPER SOFT 56"""" QB""",https://d224nth7ac0evy.cloudfront.net/catalog/product/cache/ed9f5ebe2a117625f6cd6336daddd764/1/7/170124.jpg,Men-Fabric-170124,"PKR 3,087"
464,Sky Blue Unstitched Fabric Suit Gul Gold Plus-JA,https://d224nth7ac0evy.cloudfront.net/catalog/product/cache/ed9f5ebe2a117625f6cd6336daddd764/1/7/172084.jpg,Men-Fabric-172084,"PKR 1,733"
465,Dark Brown Unstitched Fabric Suit Gul Gold Plus-JA,https://d224nth7ac0evy.cloudfront.net/catalog/product/cache/ed9f5ebe2a117625f6cd6336daddd764/1/7/172082.jpg,Men-Fabric-172082,"PKR 1,733"
466,Mehndi Unstitched Fabric Suit Royal 100 by 2,https://d224nth7ac0evy.cloudfront.net/catalog/product/cache/ed9f5ebe2a117625f6cd6336daddd764/1/7/172071.jpg,Men-Fabric-172071,"PKR 3,308"
467,Dark Brown Unstitched Fabric Suit Royal 100 by 2,https://d224nth7ac0evy.cloudfront.net/catalog/product/cache/ed9f5ebe2a117625f6cd6336daddd764/1/7/172069.jpg,Men-Fabric-172069,"PKR 3,308"
468,Grey Unstitched Fabric Suit FABRIC HITEX (TWILL),https://d224nth7ac0evy.cloudfront.net/catalog/product/cache/ed9f5ebe2a117625f6cd6336daddd764/1/7/172073.jpg,Men-Fabric-172073,"PKR 3,465"
469,Green Unstitched Fabric Suit Gul Javeria-JA,https://d224nth7ac0evy.cloudfront.net/catalog/product/cache/ed9f5ebe2a117625f6cd6336daddd764/1/7/172075.jpg,Men-Fabric-172075,"PKR 1,890"
470,Light Grey Vision (Legend)-GS,https://d224nth7ac0evy.cloudfront.net/catalog/product/cache/ed9f5ebe2a117625f6cd6336daddd764/1/6/166265.jpg,Men-Fabric-166265,"PKR 1,264"
471,Brown Vision (Legend)-GS,https://d224nth7ac0evy.cloudfront.net/catalog/product/cache/ed9f5ebe2a117625f6cd6336daddd764/1/6/166262.jpg,Men-Fabric-166262,"PKR 1,264"
472,Sea Blue Vision (Legend)-GS,https://d224nth7ac0evy.cloudfront.net/catalog/product/cache/ed9f5ebe2a117625f6cd6336daddd764/1/6/166259.jpg,Men-Fabric-166259,"PKR 1,264"
473,Dark Green Opus (Adventure)-Y,https://d224nth7ac0evy.cloudfront.net/catalog/product/cache/ed9f5ebe2a117625f6cd6336daddd764/1/6/166295.jpg,Men-Fabric-166295,"PKR 1,637"
474,Mehndi Opus (Adventure)-Y,https://d224nth7ac0evy.cloudfront.net/catalog/product/cache/ed9f5ebe2a117625f6cd6336daddd764/1/6/166294.jpg,Men-Fabric-166294,"PKR 1,637"
475,Maroon Opus (Adventure)-Y,https://d224nth7ac0evy.cloudfront.net/catalog/product/cache/ed9f5ebe2a117625f6cd6336daddd764/1/6/166289.jpg,Men-Fabric-166289,"PKR 1,637"
476,Brown Opus (Adventure)-Y,https://d224nth7ac0evy.cloudfront.net/catalog/product/cache/ed9f5ebe2a117625f6cd6336daddd764/1/6/166288_1.jpg,Men-Fabric-166288,"PKR 1,637"
477,Light Green Vision (Fashion Icon)-GS,https://d224nth7ac0evy.cloudfront.net/catalog/product/cache/ed9f5ebe2a117625f6cd6336daddd764/1/6/166276_2.jpg,Men-Fabric-166276,"PKR 1,339"
478,Grey Vision (Fashion Icon)-GS,https://d224nth7ac0evy.cloudfront.net/catalog/product/cache/ed9f5ebe2a117625f6cd6336daddd764/1/6/166272.jpg,Men-Fabric-166272,"PKR 1,339"
479,Light Green Satin,https://d224nth7ac0evy.cloudfront.net/catalog/product/cache/ed9f5ebe2a117625f6cd6336daddd764/1/5/15684.jpg,Men-Fabric-15684,"PKR 2,310"
480,Light Blue Satin,https://d224nth7ac0evy.cloudfront.net/catalog/product/cache/ed9f5ebe2a117625f6cd6336daddd764/4/8/48815_1.jpg,Men-Fabric-48815,"PKR 2,310"
481,Forest Satin,https://d224nth7ac0evy.cloudfront.net/catalog/product/cache/ed9f5ebe2a117625f6cd6336daddd764/5/n/5n1a4151.jpg,Men-Fabric-15685,"PKR 2,310"
482,White Satin,https://d224nth7ac0evy.cloudfront.net/catalog/product/cache/ed9f5ebe2a117625f6cd6336daddd764/8/1/8137_1.jpg,Men-Fabric-8137,"PKR 2,310"
483,Off White Satin,https://d224nth7ac0evy.cloudfront.net/catalog/product/cache/ed9f5ebe2a117625f6cd6336daddd764/1/3/13569.jpg,Men-Fabric-13569,"PKR 2,310"
484,Brown Leader Latha,https://d224nth7ac0evy.cloudfront.net/catalog/product/cache/ed9f5ebe2a117625f6cd6336daddd764/1/9/19730_1.jpg,Men-Fabric-19730,"PKR 1,568"
485,Light Brown GUL PANTHER (OS),https://d224nth7ac0evy.cloudfront.net/catalog/product/cache/ed9f5ebe2a117625f6cd6336daddd764/9/9/99255_1.jpg,Men-Fabric-99255,"PKR 1,481"
486,Dark Cream GUL PANTHER (OS),https://d224nth7ac0evy.cloudfront.net/catalog/product/cache/ed9f5ebe2a117625f6cd6336daddd764/9/9/99252.jpg,Men-Fabric-99252,"PKR 1,481"
487,Grey GUL PANTHER (OS),https://d224nth7ac0evy.cloudfront.net/catalog/product/cache/ed9f5ebe2a117625f6cd6336daddd764/9/9/99261.jpg,Men-Fabric-99261,"PKR 1,481"
488,Light Grape GUL PANTHER (OS),https://d224nth7ac0evy.cloudfront.net/catalog/product/cache/ed9f5ebe2a117625f6cd6336daddd764/9/9/99260.jpg,Men-Fabric-99260,"PKR 1,481"
489,Grape GUL ALLURE-Y,https://d224nth7ac0evy.cloudfront.net/catalog/product/cache/ed9f5ebe2a117625f6cd6336daddd764/1/4/141909.jpg,Men-Fabric-141909,"PKR 4,158"
490,White Dyed Poplin,https://d224nth7ac0evy.cloudfront.net/catalog/product/cache/ed9f5ebe2a117625f6cd6336daddd764/1/3/13507.jpg,Men-Fabric-13507,"PKR 2,100"
491,Black Unstitched Fabric Suit DYED POPLIN,https://d224nth7ac0evy.cloudfront.net/catalog/product/cache/ed9f5ebe2a117625f6cd6336daddd764/1/6/16298.jpg,Men-Fabric-16298,"PKR 2,100"
492,Grey BONVISTA,https://d224nth7ac0evy.cloudfront.net/catalog/product/cache/ed9f5ebe2a117625f6cd6336daddd764/1/4/145477.jpg,Men-Fabric-145477,"PKR 2,100"
493,Black GUL RUBIA LAWN,https://d224nth7ac0evy.cloudfront.net/catalog/product/cache/ed9f5ebe2a117625f6cd6336daddd764/d/s/dsc_2655.jpg,Men-Fabric-20158,"PKR 2,080"
494,Off White GUL PANTHER (OS),https://d224nth7ac0evy.cloudfront.net/catalog/product/cache/ed9f5ebe2a117625f6cd6336daddd764/d/s/dsc_8420.jpg,Men-Fabric-99254,"PKR 1,481"
495,Grey GUL ALLURE-Y,https://d224nth7ac0evy.cloudfront.net/catalog/product/cache/ed9f5ebe2a117625f6cd6336daddd764/d/s/dsc_3462.jpg,Men-Fabric-141912,"PKR 4,158"
496,Off White F-Cambric,https://d224nth7ac0evy.cloudfront.net/catalog/product/cache/ed9f5ebe2a117625f6cd6336daddd764/d/s/dsc_0214.jpg,Men-Fabric-13548,"PKR 1,820"
497,Navy Blue Unstitched Fabric Suit DYED POPLIN,https://d224nth7ac0evy.cloudfront.net/catalog/product/cache/ed9f5ebe2a117625f6cd6336daddd764/d/s/dsc_3361.jpg,Men-Fabric-13529,"PKR 2,100"
498,Dark Brown Vision (Legend)-GS,https://d224nth7ac0evy.cloudfront.net/catalog/product/cache/ed9f5ebe2a117625f6cd6336daddd764/v/i/vision_legend.jpg,Men-Fabric-166260,"PKR 1,264"
499,River Side - Dark Blue Casual Slim Fit CM-YD-2206,https://d224nth7ac0evy.cloudfront.net/catalog/product/cache/ed9f5ebe2a117625f6cd6336daddd764/c/m/cm-yd-2206-.jpg,M-MR-BC-18-161025 -P,"PKR 1,497"
500,Rock Well - Grey Pink Casual Slim Fit CM-YD-2204,https://d224nth7ac0evy.cloudfront.net/catalog/product/cache/ed9f5ebe2a117625f6cd6336daddd764/d/s/dsc_1348.jpg,M-MR-BC-18-161022 -P,"PKR 1,497"
501,Leawood -Navy  Casual Slim Fit CM-YD-2212,https://d224nth7ac0evy.cloudfront.net/catalog/product/cache/ed9f5ebe2a117625f6cd6336daddd764/d/s/dsc_1447.jpg,M-MR-BC-18-160242 -P,"PKR 1,497"
502,Niagara - Dark Green Casual Slim Fit Shirt CM-YD-2210,https://d224nth7ac0evy.cloudfront.net/catalog/product/cache/ed9f5ebe2a117625f6cd6336daddd764/c/m/cm-yd-2210-.jpg,M-MR-BC-18-160237 -P,"PKR 1,497"
503,Franklin - Light Grey Casual Slim Fit Shirt CM-YD-2205,https://d224nth7ac0evy.cloudfront.net/catalog/product/cache/ed9f5ebe2a117625f6cd6336daddd764/d/s/dsc_1374.jpg,M-MR-BC-18-160232 -P,"PKR 1,497"
504,Maximal -Navy Casual Slim Fit CM-YD-2201,https://d224nth7ac0evy.cloudfront.net/catalog/product/cache/ed9f5ebe2a117625f6cd6336daddd764/c/m/cm-yd-2201-.jpg,M-MR-BC-18-160227 -P,"PKR 1,497"
505,Green Casual Shirt CM-YD-2166,https://d224nth7ac0evy.cloudfront.net/catalog/product/cache/ed9f5ebe2a117625f6cd6336daddd764/c/m/cm-yd-2166-.jpg,M-MR-BC-18-158106 -P,"PKR 1,497"
506,Blue Casual Shirt CM-YD-2163,https://d224nth7ac0evy.cloudfront.net/catalog/product/cache/ed9f5ebe2a117625f6cd6336daddd764/c/m/cm-yd-2163-.jpg,M-MR-BC-18-158091 -P,"PKR 1,497"
507,Orbit -  Black Casual Shirt CM-YD-2133,https://d224nth7ac0evy.cloudfront.net/catalog/product/cache/ed9f5ebe2a117625f6cd6336daddd764/d/s/dsc_1401.jpg,M-MR-BC-18-156488 -P,"PKR 1,497"
508,Palatino -  Sky White Casual Shirt CM-YD-2132,https://d224nth7ac0evy.cloudfront.net/catalog/product/cache/ed9f5ebe2a117625f6cd6336daddd764/d/s/dsc_1420.jpg,M-MR-BC-18-156483 -P,"PKR 1,497"
509,Grey Casual Shirt CM-YD-2131,https://d224nth7ac0evy.cloudfront.net/catalog/product/cache/ed9f5ebe2a117625f6cd6336daddd764/d/s/dsc_1481.jpg,M-MR-BC-18-156309 -P,"PKR 1,497"
510,Ebrima -  Blue Casual Shirt CM-YD-2129,https://d224nth7ac0evy.cloudfront.net/catalog/product/cache/ed9f5ebe2a117625f6cd6336daddd764/c/m/cm-yd-2129--.jpg,M-MR-BC-18-156299 -P,"PKR 1,497"
511,Black V-Neck Sweater FS-SWT-D16-2,https://d224nth7ac0evy.cloudfront.net/catalog/product/cache/ed9f5ebe2a117625f6cd6336daddd764/1/4/144163_3_.jpg,MS-WC-17-144162 -P,"PKR 2,500"
512,Charcoal Crew Neck Sweater FS-SWT-D19-3,https://d224nth7ac0evy.cloudfront.net/catalog/product/cache/ed9f5ebe2a117625f6cd6336daddd764/1/4/144215_1__1.jpg,MS-WC-17-144214 -P,"PKR 2,500"
513,Charcoal Casual Sweat Shirt JKT-MSS-03,https://d224nth7ac0evy.cloudfront.net/catalog/product/cache/ed9f5ebe2a117625f6cd6336daddd764/1/4/147018_4_.jpg,MS-WC-17-147017 -P,"PKR 2,100"
514,Olive GA Sweater FS-SWT-D70-01,https://d224nth7ac0evy.cloudfront.net/catalog/product/cache/ed9f5ebe2a117625f6cd6336daddd764/1/4/146290_2_.jpg,MS-WC-17-146289 -P,"PKR 3,100"
515,Maroon V-Neck Sweater FS-SWT-D16-1,https://d224nth7ac0evy.cloudfront.net/catalog/product/cache/ed9f5ebe2a117625f6cd6336daddd764/1/4/144159_3_.jpg,MS-WC-17-144158 -P,"PKR 2,500"
516,Burgundy Sleeveless Sweater SL-SWT-D11-2,https://d224nth7ac0evy.cloudfront.net/catalog/product/cache/ed9f5ebe2a117625f6cd6336daddd764/1/4/144147_3_.jpg,MS-WC-17-144146 -P,"PKR 2,300"
517,White Formal Shirt CM-YD-2031,https://d224nth7ac0evy.cloudfront.net/catalog/product/cache/ed9f5ebe2a117625f6cd6336daddd764/1/3/132019_2__1.jpg,MS-FM-17-138457 -P,"PKR 2,090"
518,Black Hi Neck Sweater FS-SWT-D14-2,https://d224nth7ac0evy.cloudfront.net/catalog/product/cache/ed9f5ebe2a117625f6cd6336daddd764/1/3/138410_4_.jpg,MS-WC-17-124533 -P,"PKR 2,473"
519,Blue Mock Neck Jacket JKT-MNZ-D48-1,https://d224nth7ac0evy.cloudfront.net/catalog/product/cache/ed9f5ebe2a117625f6cd6336daddd764/j/k/jkt-mnz-d48-1_3_.jpg,MA-W-17-146957-P,"PKR 2,900"
520,Grey Mock Neck Vest JKT-MNV-D11,https://d224nth7ac0evy.cloudfront.net/catalog/product/cache/ed9f5ebe2a117625f6cd6336daddd764/j/k/jkt-mnv-011_1_.jpg,MA-W-17-146953-P,"PKR 3,500"
521,Green Hooded Jacket JKT-HZJ-D23-2,https://d224nth7ac0evy.cloudfront.net/catalog/product/cache/ed9f5ebe2a117625f6cd6336daddd764/j/k/jkt-hzj-d23-2_2_.jpg,MA-W-17-146949-P,"PKR 2,900"
522,Navy Full Sleeves Mock Neck Shirt JKT-MSS-04,https://d224nth7ac0evy.cloudfront.net/catalog/product/cache/ed9f5ebe2a117625f6cd6336daddd764/j/k/jkt-mss-04_2_.jpg,MA-W-17-147021-P,"PKR 2,100"
523,Orange Full Sleeves Mock Neck Sweater FS-SWT-FD58,https://d224nth7ac0evy.cloudfront.net/catalog/product/cache/ed9f5ebe2a117625f6cd6336daddd764/f/s/fs-swt-fd58_3_.jpg,MA-W-17-146244-P,"PKR 2,900"
524,Multi-Half-Sleeves-Shirt-CVC-YD-404,https://d224nth7ac0evy.cloudfront.net/catalog/product/cache/ed9f5ebe2a117625f6cd6336daddd764/1/3/139754_2_.jpg,M-C-139754-P,"PKR 1,061"
525,Black-&-Brown-Half-Sleeves-Shirt-CVC-YD-412,https://d224nth7ac0evy.cloudfront.net/catalog/product/cache/ed9f5ebe2a117625f6cd6336daddd764/1/3/139786_2_.jpg,M-C-139786-P,"PKR 1,061"
526,Black Leather Casual Belt GA_BELT_07,https://d224nth7ac0evy.cloudfront.net/catalog/product/cache/ed9f5ebe2a117625f6cd6336daddd764/9/6/96227_1.jpg,GA_BELT_07-Small-P,"PKR 1,275"
527,Brown Leather Casual Belt GA_BELT_10,https://d224nth7ac0evy.cloudfront.net/catalog/product/cache/ed9f5ebe2a117625f6cd6336daddd764/9/6/96236.jpg,GA_BELT_10-Small-P,"PKR 1,275"
528,Brown Leather Casual Belt GA_BELT_12,https://d224nth7ac0evy.cloudfront.net/catalog/product/cache/ed9f5ebe2a117625f6cd6336daddd764/9/6/96239.jpg,GA_BELT_12-Small-P,"PKR 1,275"
529,Black Leather Casual Belt GA_BELT_11-1,https://d224nth7ac0evy.cloudfront.net/catalog/product/cache/ed9f5ebe2a117625f6cd6336daddd764/h/t/httpscdn.shopify.comsfiles109007318productsga_belt_11-1-_5_aac15f84-354b-4d4c-a281-acbd60d1fd3a.jpg,GA_BELT_11-1-Small-P,PKR 975
530,Chairman Latha,https://d224nth7ac0evy.cloudfront.net/catalog/product/cache/ed9f5ebe2a117625f6cd6336daddd764/1/5/159a6924.jpg,C-LATHA,"PKR 2,100"
531,Chairman Latha with Gift Box,https://d224nth7ac0evy.cloudfront.net/catalog/product/cache/ed9f5ebe2a117625f6cd6336daddd764/i/m/img_7321_1.jpg,C-LATHA-BOX,"PKR 2,250"
532,Black Gold Mauve Formal Shirt CM-YD-1940,https://d224nth7ac0evy.cloudfront.net/catalog/product/cache/ed9f5ebe2a117625f6cd6336daddd764/h/t/httpscdn.shopify.comsfiles109007318productsqe3c0568.jpg,S-17-132018-P,"PKR 2,090"
533,Black Gold Shirt CM-YD-1941,https://d224nth7ac0evy.cloudfront.net/catalog/product/cache/ed9f5ebe2a117625f6cd6336daddd764/h/t/httpscdn.shopify.comsfiles109007318productsqe3c0540.jpg,S-17-132025-P,"PKR 2,090"
534,Black Gold Shirt CM-YD-1942,https://d224nth7ac0evy.cloudfront.net/catalog/product/cache/ed9f5ebe2a117625f6cd6336daddd764/h/t/httpscdn.shopify.comsfiles109007318products132033_2.jpg,S-17-132032-P,"PKR 2,090"
535,Black Half Sleeves Shirt CVC-YD-401,https://d224nth7ac0evy.cloudfront.net/catalog/product/cache/ed9f5ebe2a117625f6cd6336daddd764/h/t/httpscdn.shopify.comsfiles109007318productsqe3c0599.jpg,S-17-139742-P,"PKR 1,061"
536,Black Half Sleeves Shirt CVC-YD-406,https://d224nth7ac0evy.cloudfront.net/catalog/product/cache/ed9f5ebe2a117625f6cd6336daddd764/h/t/httpscdn.shopify.comsfiles109007318productsqe3c0613.jpg,S-17-139762-P,"PKR 1,061"
537,Navy Half Sleeves Shirt CVC-YD-407,https://d224nth7ac0evy.cloudfront.net/catalog/product/cache/ed9f5ebe2a117625f6cd6336daddd764/1/3/139766_1_.jpg,S-17-139766-P,"PKR 1,061"
538,Off White Bonvista,https://d224nth7ac0evy.cloudfront.net/catalog/product/cache/ed9f5ebe2a117625f6cd6336daddd764/h/t/httpscdn.shopify.comsfiles109007318products1_4cd7f632-c534-45ca-a3e6-20928a8822c9.jpg,Men-Fabric-141995,"PKR 2,100"
539,Light Blue Unstitched Fabric Suit DYED POPLIN,https://d224nth7ac0evy.cloudfront.net/catalog/product/cache/ed9f5ebe2a117625f6cd6336daddd764/h/t/httpscdn.shopify.comsfiles109007318products1_4ff22652-dedf-47cd-a7cc-785ec906abfe.jpg,Men-Fabric-16299,"PKR 2,100"
